name,n,m,pre_removed_nodes,k_start,k_optimal,k_solved,verified,millis
advotogo-n_100,26,31,0,0,2,2,true,26
advotogo-n_1000,624,1883,0,0,127,127,true,150
advotogo-n_1500,1110,4342,0,0,215,215,true,329
advotogo-n_200,63,68,0,0,9,9,true,6
advotogo-n_2000,1556,6786,0,0,297,297,true,588
advotogo-n_3000,2657,16140,0,0,548,548,true,1779
advotogo-n_4000,3775,29831,0,0,863,863,true,5298
advotogo-n_50,0,0,0,0,0,0,true,1
advotogo-n_500,247,446,0,0,39,39,true,21
advotogo-n_5000,4962,43776,0,0,1160,1160,true,12671
advotogo-n_5159,5155,47135,0,0,1208,1208,true,26860
bitcoinalpha-n_100,5,7,0,0,2,2,true,3
bitcoinalpha-n_1000,545,1878,0,0,136,136,true,223
bitcoinalpha-n_1500,957,3890,0,0,261,261,true,278
bitcoinalpha-n_200,50,78,0,0,11,11,true,6
bitcoinalpha-n_2000,1450,6295,0,0,393,393,true,457
bitcoinalpha-n_3000,2659,15429,0,0,658,658,true,1927
bitcoinalpha-n_3785,3783,24186,0,0,921,921,true,15519
bitcoinalpha-n_50,5,5,0,0,2,2,true,3
bitcoinalpha-n_500,202,465,0,0,54,54,true,28
blogs-n_100,67,170,0,0,8,8,true,8
blogs-n_1000,977,12749,0,0,196,196,true,1113
blogs-n_1227,1224,19022,0,0,262,262,true,2388
blogs-n_200,138,426,0,0,16,16,true,18
blogs-n_50,34,88,0,0,6,6,true,5
blogs-n_500,430,2918,0,0,76,76,true,170
chess-n_100,13,7,0,0,0,0,true,1
chess-n_1000,613,1295,0,0,62,62,true,236
chess-n_1500,1075,2561,0,0,127,127,true,2352
chess-n_200,58,47,0,0,2,2,true,4
chess-n_2000,1531,4343,0,0,204,205,false,90144
chess-n_3000,2586,11156,0,0,-1,468,false,90146
chess-n_4000,3620,17404,0,0,-1,863,false,90213
chess-n_50,3,2,0,0,0,0,true,1
chess-n_500,241,319,0,0,17,17,true,21
chess-n_5000,4752,27339,0,0,-1,0,false,90167
chess-n_6000,5854,40749,0,0,-1,1735,false,90258
chess-n_7000,6966,55133,0,0,-1,0,false,90294
chess-n_7303,7301,60046,0,0,-1,0,false,90345
ChicagoRegional-n_100,2,2,0,0,1,1,true,1
ChicagoRegional-n_1000,224,245,0,0,92,92,true,18
ChicagoRegional-n_10000,9579,23005,0,0,4193,4193,true,5872
ChicagoRegional-n_1500,457,485,0,0,181,181,true,36
ChicagoRegional-n_200,13,12,0,0,5,5,true,2
ChicagoRegional-n_2000,777,888,0,0,307,307,true,80
ChicagoRegional-n_3000,1619,2022,0,0,631,631,true,221
ChicagoRegional-n_4000,2607,3623,0,0,1020,1020,true,402
ChicagoRegional-n_50,4,4,0,0,2,2,true,1
ChicagoRegional-n_500,52,50,0,0,24,24,true,1
ChicagoRegional-n_5000,3710,5774,0,0,1484,1484,true,678
ChicagoRegional-n_6000,4927,8488,0,0,1987,1987,true,919
ChicagoRegional-n_7000,6106,11328,0,0,2495,2495,true,988
ChicagoRegional-n_8000,7282,14765,0,0,3028,3028,true,1687
ChicagoRegional-n_9000,8479,19095,0,0,3651,3651,true,4388
health-n_100,23,18,0,0,4,4,true,4
health-n_1000,934,2008,0,0,231,231,true,150
health-n_1500,1451,4642,0,0,446,446,true,478
health-n_200,94,87,0,0,17,17,true,7
health-n_2000,1973,7956,0,0,674,674,true,1331
health-n_2542,2539,12969,0,0,960,960,true,3629
health-n_50,10,7,0,0,2,2,true,1
health-n_500,388,490,0,0,67,67,true,33
link-kv-n_100,18,22,0,0,8,8,true,5
link-kv-n_1000,644,4081,0,0,234,234,true,316
link-kv-n_1500,1054,8494,0,0,391,391,true,2483
link-kv-n_200,90,139,0,0,20,20,true,12
link-kv-n_2000,1772,19901,0,0,565,565,true,44735
link-kv-n_3000,2540,39796,0,0,900,900,false,90353
link-kv-n_4000,3777,69389,0,0,-1,1252,false,90470
link-kv-n_50,6,3,0,0,0,0,true,1
link-kv-n_500,270,1056,0,0,83,83,true,51
link-kv-n_5000,4840,117893,0,0,-1,0,false,90566
link-kv-n_6000,5911,162803,0,0,-1,0,false,90774
link-kv-n_6916,6914,211650,0,0,-1,0,false,90894
openflights-n_100,25,48,0,0,10,10,true,7
openflights-n_1000,625,2842,0,0,201,201,true,183
openflights-n_1500,1199,7492,0,0,413,413,true,582
openflights-n_200,64,106,0,0,26,26,true,13
openflights-n_2000,1794,13285,0,0,593,593,true,4192
openflights-n_2942,2939,30501,0,0,998,998,true,21997
openflights-n_50,4,4,0,0,2,2,true,2
openflights-n_500,226,770,0,0,80,80,true,43
out.cfinder-google-n_100,8,7,0,0,6,6,true,1
out.cfinder-google-n_1000,413,576,0,0,100,100,true,21
out.cfinder-google-n_10000,9678,70276,0,0,3133,3133,true,60428
out.cfinder-google-n_1500,723,1120,0,0,188,188,true,63
out.cfinder-google-n_200,32,27,0,0,13,13,true,4
out.cfinder-google-n_2000,1384,3224,0,0,307,307,true,126
out.cfinder-google-n_3000,2127,5857,0,0,574,574,true,327
out.cfinder-google-n_4000,3184,11463,0,0,852,852,true,2946
out.cfinder-google-n_50,8,8,0,0,7,7,true,2
out.cfinder-google-n_500,119,142,0,0,37,37,true,8
out.cfinder-google-n_5000,4366,19192,0,0,1200,1200,true,8971
out.cfinder-google-n_6000,5853,31372,0,0,1581,1581,true,14009
out.cfinder-google-n_7000,6186,31254,0,0,1928,1928,true,13033
out.cfinder-google-n_8000,7228,48521,0,0,2338,2338,true,51393
out.cfinder-google-n_9000,8186,53109,0,0,2698,2698,true,37921
talk-oc-n_100,0,0,0,0,0,0,true,1
talk-oc-n_1000,589,757,0,0,7,7,true,18
talk-oc-n_1500,284,489,0,0,15,15,true,19
talk-oc-n_200,81,78,0,0,0,0,true,3
talk-oc-n_2000,408,605,0,0,15,15,true,24
talk-oc-n_3000,2997,4263,0,0,29,29,true,90
talk-oc-n_3066,3064,4464,0,0,30,30,true,155
talk-oc-n_50,0,0,0,0,0,0,true,1
talk-oc-n_500,26,22,0,0,3,3,true,4
temporalGraph-n_100,2,1,0,0,0,0,true,1
temporalGraph-n_1000,622,1447,0,0,40,40,true,114
temporalGraph-n_1500,1343,3437,0,0,77,77,true,288
temporalGraph-n_1868,1866,5517,0,0,106,106,true,294
temporalGraph-n_200,50,73,0,0,5,5,true,6
temporalGraph-n_50,12,16,0,0,3,3,true,4
temporalGraph-n_500,199,368,0,0,17,17,true,18
ucsocial-n_100,26,30,0,0,5,5,true,5
ucsocial-n_1000,882,6250,0,0,258,258,true,581
ucsocial-n_1500,1412,12596,0,0,435,435,true,1568
ucsocial-n_1902,1899,20296,0,0,585,585,true,5721
ucsocial-n_200,82,138,0,0,23,23,true,12
ucsocial-n_50,16,18,0,0,3,3,true,4
ucsocial-n_500,353,1231,0,0,80,80,true,80
usairport-n_100,46,92,0,0,13,13,true,9
usairport-n_1000,910,10027,0,0,253,253,true,2344
usairport-n_1500,1490,25277,0,0,428,428,true,15389
usairport-n_1577,1574,28236,0,0,455,455,true,20997
usairport-n_200,104,308,0,0,29,29,true,28
usairport-n_50,10,19,0,0,5,5,true,5
usairport-n_500,383,3451,0,0,112,112,true,282
wikispeedia-n_100,26,19,0,0,0,0,true,1
wikispeedia-n_1000,903,3091,0,0,156,156,true,441
wikispeedia-n_1500,1415,7438,0,0,271,271,true,12141
wikispeedia-n_200,124,190,0,0,14,14,true,16
wikispeedia-n_2000,1927,12519,0,0,437,437,true,23382
wikispeedia-n_3000,2973,29508,0,0,-1,890,false,90244
wikispeedia-n_4000,3996,52711,0,0,-1,0,false,90428
wikispeedia-n_4181,4179,57572,0,0,-1,0,false,90318
wikispeedia-n_50,8,5,0,0,0,0,true,1
wikispeedia-n_500,370,857,0,0,56,56,true,56
synth-n_100-m_1093-k_5-p_0.2.txt,100,1093,0,0,5,5,true,38
synth-n_100-m_1146-k_10-p_0.2.txt,100,1146,0,0,10,10,true,128
synth-n_100-m_1151-k_15-p_0.2.txt,100,1151,0,0,15,15,true,195
synth-n_100-m_1229-k_20-p_0.2.txt,100,1229,0,0,20,20,true,251
synth-n_100-m_1263-k_25-p_0.2.txt,100,1263,0,0,25,25,true,337
synth-n_100-m_1275-k_30-p_0.2.txt,100,1275,0,0,30,30,true,481
synth-n_100-m_263-k_5-p_0.05.txt,99,263,0,0,5,5,true,16
synth-n_100-m_289-k_10-p_0.05.txt,99,289,0,0,4,4,true,21
synth-n_100-m_302-k_15-p_0.05.txt,100,302,0,0,8,8,true,41
synth-n_100-m_332-k_20-p_0.05.txt,100,332,0,0,14,14,true,132
synth-n_100-m_336-k_30-p_0.05.txt,100,336,0,0,15,15,true,143
synth-n_100-m_343-k_25-p_0.05.txt,100,343,0,0,14,14,true,122
synth-n_100-m_515-k_5-p_0.1.txt,100,515,0,0,5,5,true,35
synth-n_100-m_591-k_15-p_0.1.txt,100,591,0,0,15,15,true,140
synth-n_100-m_611-k_10-p_0.1.txt,100,611,0,0,10,10,true,184
synth-n_100-m_628-k_20-p_0.1.txt,100,628,0,0,20,20,true,155
synth-n_100-m_691-k_25-p_0.1.txt,100,691,0,0,25,25,true,2243
synth-n_100-m_732-k_30-p_0.1.txt,100,732,0,0,30,30,true,4653
synth-n_1000-m_107005-k_50-p_0.2.txt,1000,107005,0,0,-1,0,false,90477
synth-n_1000-m_110357-k_70-p_0.2.txt,1000,110357,0,0,-1,0,false,90584
synth-n_1000-m_114433-k_100-p_0.2.txt,1000,114433,0,0,-1,0,false,90509
synth-n_1000-m_116757-k_120-p_0.2.txt,1000,116757,0,0,-1,0,false,90538
synth-n_1000-m_119520-k_150-p_0.2.txt,1000,119520,0,0,-1,0,false,90500
synth-n_1000-m_124702-k_200-p_0.2.txt,1000,124702,0,0,-1,0,false,90495
synth-n_1000-m_27142-k_50-p_0.05.txt,1000,27142,0,0,50,50,true,13650
synth-n_1000-m_28175-k_70-p_0.05.txt,1000,28175,0,0,70,70,true,19751
synth-n_1000-m_29037-k_100-p_0.05.txt,1000,29037,0,0,100,100,true,42232
synth-n_1000-m_30042-k_120-p_0.05.txt,1000,30042,0,0,120,790,false,90176
synth-n_1000-m_30795-k_150-p_0.05.txt,1000,30795,0,0,150,787,false,90181
synth-n_1000-m_32410-k_200-p_0.05.txt,1000,32410,0,0,-1,771,false,90228
synth-n_1000-m_54531-k_50-p_0.1.txt,1000,54531,0,0,50,50,true,51256
synth-n_1000-m_55974-k_70-p_0.1.txt,1000,55974,0,0,70,842,false,90334
synth-n_1000-m_57929-k_100-p_0.1.txt,1000,57929,0,0,-1,831,false,90361
synth-n_1000-m_59867-k_120-p_0.1.txt,1000,59867,0,0,-1,0,false,90325
synth-n_1000-m_60934-k_150-p_0.1.txt,1000,60934,0,0,-1,880,false,90373
synth-n_1000-m_64710-k_200-p_0.1.txt,1000,64710,0,0,-1,853,false,90390
synth-n_1300-m_104213-k_200-p_0.1.txt,1300,104213,0,0,-1,0,false,90431
synth-n_1300-m_178841-k_50-p_0.2.txt,1300,178841,0,0,-1,0,false,92618
synth-n_1300-m_183367-k_70-p_0.2.txt,1300,183367,0,0,-1,0,false,91871
synth-n_1300-m_188195-k_100-p_0.2.txt,1300,188195,0,0,-1,0,false,90927
synth-n_1300-m_191963-k_120-p_0.2.txt,1300,191963,0,0,-1,0,false,91821
synth-n_1300-m_196174-k_150-p_0.2.txt,1300,196174,0,0,-1,0,false,90818
synth-n_1300-m_204142-k_200-p_0.2.txt,1300,204142,0,0,-1,0,false,90821
synth-n_1300-m_45241-k_50-p_0.05.txt,1300,45241,0,0,50,50,true,12918
synth-n_1300-m_46137-k_70-p_0.05.txt,1300,46137,0,0,70,70,true,28920
synth-n_1300-m_47847-k_100-p_0.05.txt,1300,47847,0,0,-1,100,true,74527
synth-n_1300-m_49172-k_120-p_0.05.txt,1300,49172,0,0,-1,0,false,90234
synth-n_1300-m_50340-k_150-p_0.05.txt,1300,50340,0,0,-1,1088,false,90283
synth-n_1300-m_52952-k_200-p_0.05.txt,1300,52952,0,0,-1,1084,false,90318
synth-n_1300-m_89669-k_50-p_0.1.txt,1300,89669,0,0,-1,50,false,90562
synth-n_1300-m_92255-k_70-p_0.1.txt,1300,92255,0,0,-1,0,false,90403
synth-n_1300-m_95352-k_100-p_0.1.txt,1300,95352,0,0,-1,0,false,90387
synth-n_1300-m_97421-k_120-p_0.1.txt,1300,97421,0,0,-1,0,false,90417
synth-n_1300-m_99879-k_150-p_0.1.txt,1300,99879,0,0,-1,0,false,90408
synth-n_150-m_1254-k_10-p_0.1.txt,150,1254,0,0,10,10,true,91
synth-n_150-m_1269-k_15-p_0.1.txt,150,1269,0,0,15,15,true,168
synth-n_150-m_1284-k_20-p_0.1.txt,150,1284,0,0,20,20,true,171
synth-n_150-m_1385-k_25-p_0.1.txt,150,1385,0,0,25,25,true,660
synth-n_150-m_1423-k_30-p_0.1.txt,150,1423,0,0,30,30,true,265
synth-n_150-m_1561-k_70-p_0.1.txt,150,1561,0,0,-1,74,false,90056
synth-n_150-m_1564-k_50-p_0.1.txt,150,1564,0,0,-1,48,true,9308
synth-n_150-m_2446-k_10-p_0.2.txt,150,2446,0,0,10,10,true,251
synth-n_150-m_2502-k_15-p_0.2.txt,150,2502,0,0,15,15,true,343
synth-n_150-m_2552-k_20-p_0.2.txt,150,2552,0,0,20,20,true,444
synth-n_150-m_2731-k_25-p_0.2.txt,150,2731,0,0,25,25,true,834
synth-n_150-m_2807-k_30-p_0.2.txt,150,2807,0,0,30,30,true,725
synth-n_150-m_3040-k_50-p_0.2.txt,150,3040,0,0,50,50,true,5173
synth-n_150-m_3050-k_70-p_0.2.txt,150,3050,0,0,-1,71,false,90088
synth-n_150-m_630-k_15-p_0.05.txt,150,630,0,0,15,15,true,203
synth-n_150-m_634-k_10-p_0.05.txt,150,634,0,0,7,7,true,86
synth-n_150-m_666-k_20-p_0.05.txt,150,666,0,0,15,15,true,131
synth-n_150-m_704-k_25-p_0.05.txt,150,704,0,0,23,23,true,653
synth-n_150-m_781-k_50-p_0.05.txt,150,781,0,0,32,32,true,6781
synth-n_150-m_782-k_30-p_0.05.txt,150,782,0,0,28,28,true,3150
synth-n_150-m_805-k_70-p_0.05.txt,150,805,0,0,43,44,false,90070
synth-n_1600-m_137884-k_70-p_0.1.txt,1600,137884,0,0,-1,0,false,90600
synth-n_1600-m_141523-k_100-p_0.1.txt,1600,141523,0,0,-1,0,false,90584
synth-n_1600-m_143789-k_120-p_0.1.txt,1600,143789,0,0,-1,0,false,90610
synth-n_1600-m_147721-k_150-p_0.1.txt,1600,147721,0,0,-1,0,false,90625
synth-n_1600-m_152838-k_200-p_0.1.txt,1600,152838,0,0,-1,0,false,90704
synth-n_1600-m_273042-k_70-p_0.2.txt,1600,273042,0,0,-1,0,false,91245
synth-n_1600-m_279359-k_100-p_0.2.txt,1600,279359,0,0,-1,0,false,91205
synth-n_1600-m_284773-k_120-p_0.2.txt,1600,284773,0,0,-1,0,false,95597
synth-n_1600-m_290831-k_150-p_0.2.txt,1600,290831,0,0,-1,0,false,91279
synth-n_1600-m_301143-k_200-p_0.2.txt,1600,301143,0,0,-1,0,false,95124
synth-n_1600-m_68907-k_70-p_0.05.txt,1600,68907,0,0,70,0,false,90327
synth-n_1600-m_70865-k_100-p_0.05.txt,1600,70865,0,0,-1,0,false,90431
synth-n_1600-m_72748-k_120-p_0.05.txt,1600,72748,0,0,-1,0,false,90355
synth-n_1600-m_74607-k_150-p_0.05.txt,1600,74607,0,0,-1,0,false,90369
synth-n_1600-m_77345-k_200-p_0.05.txt,1600,77345,0,0,-1,0,false,90349
synth-n_200-m_1076-k_10-p_0.05.txt,200,1076,0,0,10,10,true,204
synth-n_200-m_1167-k_15-p_0.05.txt,200,1167,0,0,15,15,true,316
synth-n_200-m_1175-k_20-p_0.05.txt,200,1175,0,0,20,20,true,234
synth-n_200-m_1245-k_25-p_0.05.txt,200,1245,0,0,24,24,true,598
synth-n_200-m_1266-k_30-p_0.05.txt,200,1266,0,0,30,30,true,1216
synth-n_200-m_1336-k_50-p_0.05.txt,200,1336,0,0,45,45,true,10009
synth-n_200-m_1434-k_70-p_0.05.txt,200,1434,0,0,-1,72,false,90186
synth-n_200-m_2169-k_15-p_0.1.txt,200,2169,0,0,15,15,true,274
synth-n_200-m_2199-k_10-p_0.1.txt,200,2199,0,0,10,10,true,154
synth-n_200-m_2293-k_20-p_0.1.txt,200,2293,0,0,20,20,true,284
synth-n_200-m_2369-k_25-p_0.1.txt,200,2369,0,0,25,25,true,342
synth-n_200-m_2491-k_30-p_0.1.txt,200,2491,0,0,30,30,true,633
synth-n_200-m_2592-k_50-p_0.1.txt,200,2592,0,0,50,50,true,2312
synth-n_200-m_2772-k_70-p_0.1.txt,200,2772,0,0,70,70,true,22644
synth-n_200-m_4301-k_10-p_0.2.txt,200,4301,0,0,10,10,true,451
synth-n_200-m_4485-k_20-p_0.2.txt,200,4485,0,0,20,20,true,1247
synth-n_200-m_4497-k_15-p_0.2.txt,200,4497,0,0,15,15,true,692
synth-n_200-m_4763-k_25-p_0.2.txt,200,4763,0,0,25,25,true,1434
synth-n_200-m_4854-k_30-p_0.2.txt,200,4854,0,0,30,30,true,1278
synth-n_200-m_5144-k_50-p_0.2.txt,200,5144,0,0,50,50,true,4035
synth-n_200-m_5366-k_70-p_0.2.txt,200,5366,0,0,70,70,true,13474
synth-n_2000-m_106592-k_70-p_0.05.txt,2000,106592,0,0,70,70,true,65361
synth-n_2000-m_108739-k_100-p_0.05.txt,2000,108739,0,0,-1,0,false,90781
synth-n_2000-m_110886-k_120-p_0.05.txt,2000,110886,0,0,-1,0,false,90523
synth-n_2000-m_112582-k_150-p_0.05.txt,2000,112582,0,0,-1,0,false,90506
synth-n_2000-m_117145-k_200-p_0.05.txt,2000,117145,0,0,-1,0,false,91043
synth-n_2000-m_212793-k_70-p_0.1.txt,2000,212793,0,0,-1,0,false,90991
synth-n_2000-m_217131-k_100-p_0.1.txt,2000,217131,0,0,-1,0,false,91038
synth-n_2000-m_220005-k_120-p_0.1.txt,2000,220005,0,0,-1,0,false,92628
synth-n_2000-m_225391-k_150-p_0.1.txt,2000,225391,0,0,-1,0,false,90983
synth-n_2000-m_233102-k_200-p_0.1.txt,2000,233102,0,0,-1,0,false,94123
synth-n_2000-m_422023-k_70-p_0.2.txt,2000,422023,0,0,-1,0,false,91974
synth-n_2000-m_430943-k_100-p_0.2.txt,2000,430943,0,0,-1,0,false,91798
synth-n_2000-m_435643-k_120-p_0.2.txt,2000,435643,0,0,-1,0,false,92130
synth-n_2000-m_444160-k_150-p_0.2.txt,2000,444160,0,0,-1,0,false,91878
synth-n_2000-m_457573-k_200-p_0.2.txt,2000,457573,0,0,-1,0,false,99121
synth-n_2300-m_142851-k_100-p_0.05.txt,2300,142851,0,0,-1,0,false,92419
synth-n_2300-m_144829-k_120-p_0.05.txt,2300,144829,0,0,-1,0,false,91944
synth-n_2300-m_147738-k_150-p_0.05.txt,2300,147738,0,0,-1,0,false,90669
synth-n_2300-m_152429-k_200-p_0.05.txt,2300,152429,0,0,-1,0,false,96281
synth-n_2300-m_284623-k_100-p_0.1.txt,2300,284623,0,0,-1,0,false,97107
synth-n_2300-m_286796-k_120-p_0.1.txt,2300,286796,0,0,-1,0,false,91147
synth-n_2300-m_292795-k_150-p_0.1.txt,2300,292795,0,0,-1,0,false,91329
synth-n_2300-m_302503-k_200-p_0.1.txt,2300,302503,0,0,-1,0,false,91427
synth-n_2300-m_563042-k_100-p_0.2.txt,2300,563042,0,0,-1,0,false,96091
synth-n_2300-m_569928-k_120-p_0.2.txt,2300,569928,0,0,-1,0,false,92344
synth-n_2300-m_580179-k_150-p_0.2.txt,2300,580179,0,0,-1,0,false,92354
synth-n_2300-m_595551-k_200-p_0.2.txt,2300,595551,0,0,-1,0,false,92879
synth-n_250-m_1653-k_10-p_0.05.txt,250,1653,0,0,10,10,true,175
synth-n_250-m_1708-k_15-p_0.05.txt,250,1708,0,0,15,15,true,227
synth-n_250-m_1797-k_25-p_0.05.txt,250,1797,0,0,25,25,true,657
synth-n_250-m_1806-k_20-p_0.05.txt,250,1806,0,0,20,20,true,304
synth-n_250-m_1841-k_30-p_0.05.txt,250,1841,0,0,30,30,true,1239
synth-n_250-m_1998-k_50-p_0.05.txt,250,1998,0,0,50,50,true,3169
synth-n_250-m_2173-k_70-p_0.05.txt,250,2173,0,0,69,71,false,90063
synth-n_250-m_2260-k_100-p_0.05.txt,250,2260,0,0,-1,124,false,90126
synth-n_250-m_2350-k_120-p_0.05.txt,250,2350,0,0,-1,134,false,90154
synth-n_250-m_3237-k_10-p_0.1.txt,250,3237,0,0,10,10,true,310
synth-n_250-m_3416-k_15-p_0.1.txt,250,3416,0,0,15,15,true,411
synth-n_250-m_3493-k_25-p_0.1.txt,250,3493,0,0,25,25,true,611
synth-n_250-m_3591-k_20-p_0.1.txt,250,3591,0,0,20,20,true,458
synth-n_250-m_3730-k_30-p_0.1.txt,250,3730,0,0,30,30,true,868
synth-n_250-m_3992-k_50-p_0.1.txt,250,3992,0,0,50,50,true,2273
synth-n_250-m_4149-k_70-p_0.1.txt,250,4149,0,0,70,70,true,4809
synth-n_250-m_4386-k_100-p_0.1.txt,250,4386,0,0,-1,159,false,90094
synth-n_250-m_4530-k_120-p_0.1.txt,250,4530,0,0,-1,169,false,90092
synth-n_250-m_6567-k_10-p_0.2.txt,250,6567,0,0,10,10,true,870
synth-n_250-m_6839-k_20-p_0.2.txt,250,6839,0,0,20,20,true,1204
synth-n_250-m_6880-k_15-p_0.2.txt,250,6880,0,0,15,15,true,948
synth-n_250-m_7102-k_25-p_0.2.txt,250,7102,0,0,25,25,true,1558
synth-n_250-m_7321-k_30-p_0.2.txt,250,7321,0,0,30,30,true,2145
synth-n_250-m_8019-k_50-p_0.2.txt,250,8019,0,0,50,50,true,7122
synth-n_250-m_8255-k_70-p_0.2.txt,250,8255,0,0,70,70,true,10590
synth-n_250-m_8674-k_100-p_0.2.txt,250,8674,0,0,100,198,false,90157
synth-n_250-m_8784-k_120-p_0.2.txt,250,8784,0,0,-1,206,false,90084
synth-n_2600-m_181265-k_100-p_0.05.txt,2600,181265,0,0,-1,0,false,91799
synth-n_2600-m_183371-k_120-p_0.05.txt,2600,183371,0,0,-1,0,false,92849
synth-n_2600-m_186921-k_150-p_0.05.txt,2600,186921,0,0,-1,0,false,93068
synth-n_2600-m_190932-k_200-p_0.05.txt,2600,190932,0,0,-1,0,false,90964
synth-n_2600-m_360584-k_100-p_0.1.txt,2600,360584,0,0,-1,0,false,93058
synth-n_2600-m_364394-k_120-p_0.1.txt,2600,364394,0,0,-1,0,false,96705
synth-n_2600-m_370561-k_150-p_0.1.txt,2600,370561,0,0,-1,0,false,91801
synth-n_2600-m_380919-k_200-p_0.1.txt,2600,380919,0,0,-1,0,false,91578
synth-n_2600-m_716555-k_100-p_0.2.txt,2600,716555,0,0,-1,0,false,93022
synth-n_2600-m_722675-k_120-p_0.2.txt,2600,722675,0,0,-1,0,false,93022
synth-n_2600-m_735701-k_150-p_0.2.txt,2600,735701,0,0,-1,0,false,93010
synth-n_2600-m_752513-k_200-p_0.2.txt,2600,752513,0,0,-1,0,false,93244
synth-n_300-m_10021-k_20-p_0.2.txt,300,10021,0,0,20,20,true,3110
synth-n_300-m_10113-k_25-p_0.2.txt,300,10113,0,0,25,25,true,3049
synth-n_300-m_10205-k_30-p_0.2.txt,300,10205,0,0,30,30,true,5632
synth-n_300-m_10954-k_50-p_0.2.txt,300,10954,0,0,50,50,true,7483
synth-n_300-m_11628-k_70-p_0.2.txt,300,11628,0,0,70,70,true,19940
synth-n_300-m_12194-k_100-p_0.2.txt,300,12194,0,0,100,100,true,41853
synth-n_300-m_12407-k_120-p_0.2.txt,300,12407,0,0,120,229,false,90205
synth-n_300-m_2373-k_15-p_0.05.txt,300,2373,0,0,15,15,true,319
synth-n_300-m_2470-k_20-p_0.05.txt,300,2470,0,0,20,20,true,238
synth-n_300-m_2597-k_25-p_0.05.txt,300,2597,0,0,25,25,true,703
synth-n_300-m_2657-k_30-p_0.05.txt,300,2657,0,0,30,30,true,556
synth-n_300-m_2835-k_50-p_0.05.txt,300,2835,0,0,50,50,true,2543
synth-n_300-m_2943-k_70-p_0.05.txt,300,2943,0,0,70,70,true,14475
synth-n_300-m_3132-k_100-p_0.05.txt,300,3132,0,0,-1,153,false,90122
synth-n_300-m_3265-k_120-p_0.05.txt,300,3265,0,0,-1,166,false,90103
synth-n_300-m_4857-k_15-p_0.1.txt,300,4857,0,0,15,15,true,441
synth-n_300-m_4934-k_25-p_0.1.txt,300,4934,0,0,25,25,true,1001
synth-n_300-m_4954-k_20-p_0.1.txt,300,4954,0,0,20,20,true,609
synth-n_300-m_5319-k_30-p_0.1.txt,300,5319,0,0,30,30,true,1383
synth-n_300-m_5550-k_50-p_0.1.txt,300,5550,0,0,50,50,true,2945
synth-n_300-m_5939-k_70-p_0.1.txt,300,5939,0,0,70,70,true,4985
synth-n_300-m_6233-k_100-p_0.1.txt,300,6233,0,0,100,100,true,24300
synth-n_300-m_6319-k_120-p_0.1.txt,300,6319,0,0,120,229,false,90102
synth-n_300-m_9556-k_15-p_0.2.txt,300,9556,0,0,15,15,true,1736
synth-n_3000-m_240581-k_120-p_0.05.txt,3000,240581,0,0,-1,0,false,91093
synth-n_3000-m_245845-k_150-p_0.05.txt,3000,245845,0,0,-1,0,false,91099
synth-n_3000-m_251178-k_200-p_0.05.txt,3000,251178,0,0,-1,0,false,91107
synth-n_3000-m_480800-k_120-p_0.1.txt,3000,480800,0,0,-1,0,false,91978
synth-n_3000-m_488450-k_150-p_0.1.txt,3000,488450,0,0,-1,0,false,92337
synth-n_3000-m_498304-k_200-p_0.1.txt,3000,498304,0,0,-1,0,false,92078
synth-n_3000-m_954655-k_120-p_0.2.txt,3000,954655,0,0,-1,0,false,95199
synth-n_3000-m_967399-k_150-p_0.2.txt,3000,967399,0,0,-1,0,false,94010
synth-n_3000-m_988910-k_200-p_0.2.txt,3000,988910,0,0,-1,0,false,96926
synth-n_3500-m_1289316-k_120-p_0.2.txt,3500,1289316,0,0,-1,0,false,99469
synth-n_3500-m_1304726-k_150-p_0.2.txt,3500,1304726,0,0,-1,0,false,100358
synth-n_3500-m_1330654-k_200-p_0.2.txt,3500,1330654,0,0,-1,0,false,95588
synth-n_3500-m_325120-k_120-p_0.05.txt,3500,325120,0,0,-1,0,false,96070
synth-n_3500-m_330042-k_150-p_0.05.txt,3500,330042,0,0,-1,0,false,91358
synth-n_3500-m_337087-k_200-p_0.05.txt,3500,337087,0,0,-1,0,false,91380
synth-n_3500-m_649101-k_120-p_0.1.txt,3500,649101,0,0,-1,0,false,92819
synth-n_3500-m_657209-k_150-p_0.1.txt,3500,657209,0,0,-1,0,false,92745
synth-n_3500-m_672789-k_200-p_0.1.txt,3500,672789,0,0,-1,0,false,92841
synth-n_400-m_10064-k_70-p_0.1.txt,400,10064,0,0,70,70,true,9343
synth-n_400-m_10528-k_100-p_0.1.txt,400,10528,0,0,100,100,true,20151
synth-n_400-m_10934-k_120-p_0.1.txt,400,10934,0,0,120,120,true,37511
synth-n_400-m_11482-k_150-p_0.1.txt,400,11482,0,0,150,282,false,90107
synth-n_400-m_16937-k_15-p_0.2.txt,400,16937,0,0,15,15,true,3202
synth-n_400-m_17175-k_20-p_0.2.txt,400,17175,0,0,20,20,true,7228
synth-n_400-m_17488-k_25-p_0.2.txt,400,17488,0,0,25,25,true,5219
synth-n_400-m_17822-k_30-p_0.2.txt,400,17822,0,0,30,30,true,9916
synth-n_400-m_18943-k_50-p_0.2.txt,400,18943,0,0,50,50,true,18778
synth-n_400-m_19735-k_70-p_0.2.txt,400,19735,0,0,70,70,true,29238
synth-n_400-m_20559-k_100-p_0.2.txt,400,20559,0,0,100,100,true,60618
synth-n_400-m_21181-k_120-p_0.2.txt,400,21181,0,0,120,325,false,90133
synth-n_400-m_21916-k_150-p_0.2.txt,400,21916,0,0,-1,288,false,90156
synth-n_400-m_4229-k_20-p_0.05.txt,400,4229,0,0,20,20,true,347
synth-n_400-m_4312-k_15-p_0.05.txt,400,4312,0,0,15,15,true,375
synth-n_400-m_4511-k_25-p_0.05.txt,400,4511,0,0,25,25,true,553
synth-n_400-m_4551-k_30-p_0.05.txt,400,4551,0,0,30,30,true,612
synth-n_400-m_4714-k_50-p_0.05.txt,400,4714,0,0,50,50,true,4649
synth-n_400-m_5045-k_70-p_0.05.txt,400,5045,0,0,70,70,true,3686
synth-n_400-m_5336-k_100-p_0.05.txt,400,5336,0,0,100,100,true,18888
synth-n_400-m_5606-k_120-p_0.05.txt,400,5606,0,0,120,120,true,82490
synth-n_400-m_5840-k_150-p_0.05.txt,400,5840,0,0,-1,271,false,90085
synth-n_400-m_8510-k_15-p_0.1.txt,400,8510,0,0,15,15,true,897
synth-n_400-m_8590-k_20-p_0.1.txt,400,8590,0,0,20,20,true,926
synth-n_400-m_8815-k_25-p_0.1.txt,400,8815,0,0,25,25,true,1197
synth-n_400-m_9014-k_30-p_0.1.txt,400,9014,0,0,30,30,true,2386
synth-n_400-m_9687-k_50-p_0.1.txt,400,9687,0,0,50,50,true,4966
synth-n_4000-m_1691611-k_150-p_0.2.txt,4000,1691611,0,0,-1,0,false,111942
synth-n_4000-m_1721128-k_200-p_0.2.txt,4000,1721128,0,0,-1,0,false,97300
synth-n_4000-m_427463-k_150-p_0.05.txt,4000,427463,0,0,-1,0,false,91879
synth-n_4000-m_437663-k_200-p_0.05.txt,4000,437663,0,0,-1,0,false,92078
synth-n_4000-m_852262-k_150-p_0.1.txt,4000,852262,0,0,-1,0,false,93724
synth-n_4000-m_868734-k_200-p_0.1.txt,4000,868734,0,0,-1,0,false,93571
synth-n_50-m_139-k_5-p_0.1.txt,50,139,0,0,1,1,true,14
synth-n_50-m_143-k_10-p_0.1.txt,50,143,0,0,5,5,true,18
synth-n_50-m_164-k_15-p_0.1.txt,50,164,0,0,9,9,true,88
synth-n_50-m_169-k_20-p_0.1.txt,50,169,0,0,9,9,true,76
synth-n_50-m_269-k_5-p_0.2.txt,50,269,0,0,5,5,true,39
synth-n_50-m_293-k_10-p_0.2.txt,50,293,0,0,10,10,true,67
synth-n_50-m_325-k_15-p_0.2.txt,50,325,0,0,15,15,true,244
synth-n_50-m_343-k_20-p_0.2.txt,50,343,0,0,19,19,true,557
synth-n_50-m_72-k_5-p_0.05.txt,49,72,0,0,2,2,true,7
synth-n_50-m_84-k_10-p_0.05.txt,49,84,0,0,1,1,true,8
synth-n_50-m_92-k_20-p_0.05.txt,50,92,0,0,2,2,true,21
synth-n_50-m_95-k_15-p_0.05.txt,46,95,0,0,4,4,true,19
synth-n_500-m_13283-k_20-p_0.1.txt,500,13283,0,0,20,20,true,2082
synth-n_500-m_13672-k_25-p_0.1.txt,500,13672,0,0,25,25,true,2515
synth-n_500-m_13710-k_30-p_0.1.txt,500,13710,0,0,30,30,true,3143
synth-n_500-m_14453-k_50-p_0.1.txt,500,14453,0,0,50,50,true,9950
synth-n_500-m_15273-k_70-p_0.1.txt,500,15273,0,0,70,70,true,13774
synth-n_500-m_15985-k_100-p_0.1.txt,500,15985,0,0,100,100,true,23791
synth-n_500-m_16565-k_120-p_0.1.txt,500,16565,0,0,120,120,true,51213
synth-n_500-m_17327-k_150-p_0.1.txt,500,17327,0,0,150,317,false,90121
synth-n_500-m_17907-k_200-p_0.1.txt,500,17907,0,0,-1,382,false,90132
synth-n_500-m_26431-k_20-p_0.2.txt,500,26431,0,0,20,20,true,9651
synth-n_500-m_26954-k_25-p_0.2.txt,500,26954,0,0,25,25,true,9107
synth-n_500-m_27136-k_30-p_0.2.txt,500,27136,0,0,30,30,true,11776
synth-n_500-m_28432-k_50-p_0.2.txt,500,28432,0,0,50,50,true,20674
synth-n_500-m_29623-k_70-p_0.2.txt,500,29623,0,0,70,70,true,43909
synth-n_500-m_31513-k_100-p_0.2.txt,500,31513,0,0,100,384,false,90197
synth-n_500-m_32243-k_120-p_0.2.txt,500,32243,0,0,120,401,false,90244
synth-n_500-m_33353-k_150-p_0.2.txt,500,33353,0,0,150,397,false,90237
synth-n_500-m_34356-k_200-p_0.2.txt,500,34356,0,0,-1,433,false,90274
synth-n_500-m_6745-k_25-p_0.05.txt,500,6745,0,0,25,25,true,4555
synth-n_500-m_6906-k_20-p_0.05.txt,500,6906,0,0,20,20,true,901
synth-n_500-m_6986-k_30-p_0.05.txt,500,6986,0,0,30,30,true,816
synth-n_500-m_7195-k_50-p_0.05.txt,500,7195,0,0,50,50,true,1896
synth-n_500-m_7774-k_70-p_0.05.txt,500,7774,0,0,70,70,true,4998
synth-n_500-m_8350-k_100-p_0.05.txt,500,8350,0,0,100,100,true,12474
synth-n_500-m_8412-k_120-p_0.05.txt,500,8412,0,0,120,120,true,22794
synth-n_500-m_8716-k_150-p_0.05.txt,500,8716,0,0,150,333,false,90162
synth-n_500-m_9062-k_200-p_0.05.txt,500,9062,0,0,-1,342,false,90163
synth-n_700-m_13000-k_25-p_0.05.txt,700,13000,0,0,25,25,true,1735
synth-n_700-m_13374-k_30-p_0.05.txt,700,13374,0,0,30,30,true,1612
synth-n_700-m_13738-k_50-p_0.05.txt,700,13738,0,0,50,50,true,4251
synth-n_700-m_14360-k_70-p_0.05.txt,700,14360,0,0,70,70,true,5054
synth-n_700-m_14970-k_100-p_0.05.txt,700,14970,0,0,100,100,true,14253
synth-n_700-m_15640-k_120-p_0.05.txt,700,15640,0,0,120,120,true,33159
synth-n_700-m_16024-k_150-p_0.05.txt,700,16024,0,0,150,150,true,40889
synth-n_700-m_16823-k_200-p_0.05.txt,700,16823,0,0,-1,516,false,90122
synth-n_700-m_26060-k_25-p_0.1.txt,700,26060,0,0,25,25,true,4084
synth-n_700-m_26206-k_30-p_0.1.txt,700,26206,0,0,30,30,true,6399
synth-n_700-m_27622-k_50-p_0.1.txt,700,27622,0,0,50,50,true,15225
synth-n_700-m_28433-k_70-p_0.1.txt,700,28433,0,0,70,70,true,22929
synth-n_700-m_29736-k_100-p_0.1.txt,700,29736,0,0,100,100,true,43657
synth-n_700-m_30695-k_120-p_0.1.txt,700,30695,0,0,120,120,true,76953
synth-n_700-m_31750-k_150-p_0.1.txt,700,31750,0,0,150,567,false,90210
synth-n_700-m_33182-k_200-p_0.1.txt,700,33182,0,0,-1,590,false,90195
synth-n_700-m_51621-k_25-p_0.2.txt,700,51621,0,0,25,25,true,19777
synth-n_700-m_52169-k_30-p_0.2.txt,700,52169,0,0,30,30,true,28011
synth-n_700-m_54187-k_50-p_0.2.txt,700,54187,0,0,50,50,true,54365
synth-n_700-m_55984-k_70-p_0.2.txt,700,55984,0,0,70,612,false,90379
synth-n_700-m_58597-k_100-p_0.2.txt,700,58597,0,0,-1,612,false,90358
synth-n_700-m_60598-k_120-p_0.2.txt,700,60598,0,0,-1,593,false,90405
synth-n_700-m_61751-k_150-p_0.2.txt,700,61751,0,0,-1,623,false,90414
synth-n_700-m_64387-k_200-p_0.2.txt,700,64387,0,0,-1,631,false,90448
