name,n,m,k_optimal,k_solved,k_start,verified,pre_removed_nodes,removed_flowers,recursive_steps,millis,packing_millis
advotogo-n_100,26,31,2,2,2,true,26,0,0,30,0
advotogo-n_1000,624,1883,127,127,120,true,612,0,8,9,1
advotogo-n_1500,1110,4342,215,215,196,true,1072,0,18,15,5
advotogo-n_200,63,68,9,9,7,true,60,0,3,1,0
advotogo-n_2000,1556,6786,297,297,279,true,1526,0,25,6,0
advotogo-n_3000,2657,16140,548,548,495,true,2556,0,92,72,29
advotogo-n_4000,3775,29831,863,816,554,false,3090,0,5336,90004,75980
advotogo-n_50,0,0,0,0,0,true,0,0,0,0,0
advotogo-n_500,247,446,39,39,37,true,244,0,3,0,0
advotogo-n_5000,4962,43776,1160,1086,699,false,3953,0,1204,90017,76573
advotogo-n_5159,5155,47135,1208,1131,742,false,4141,0,1171,90008,75695
bitcoinalpha-n_100,5,7,2,2,2,true,5,0,0,0,0
bitcoinalpha-n_1000,545,1878,136,136,134,true,542,0,3,0,0
bitcoinalpha-n_1500,957,3890,261,261,259,true,954,0,3,0,0
bitcoinalpha-n_200,50,78,11,11,11,true,50,0,0,0,0
bitcoinalpha-n_2000,1450,6295,393,393,386,true,1438,0,8,1,0
bitcoinalpha-n_3000,2659,15429,658,658,646,true,2638,0,21,2,0
bitcoinalpha-n_3785,3783,24186,921,921,901,true,3744,0,14,4,0
bitcoinalpha-n_50,5,5,2,2,2,true,5,0,0,0,0
bitcoinalpha-n_500,202,465,54,54,51,true,197,0,3,0,0
blogs-n_100,67,170,8,8,8,true,67,0,0,0,0
blogs-n_1000,977,12749,196,196,66,true,646,0,4321,12753,9957
blogs-n_1227,1224,19022,262,262,87,true,778,0,24342,63243,50337
blogs-n_200,138,426,16,16,16,true,138,0,0,0,0
blogs-n_50,34,88,6,6,6,true,34,0,0,0,0
blogs-n_500,430,2918,76,76,49,true,378,0,225,21,11
chess-n_100,13,7,0,0,0,true,13,0,0,0,0
chess-n_1000,613,1295,62,62,27,true,523,0,178,49,37
chess-n_1500,1075,2561,127,124,45,false,859,0,102826,90000,78518
chess-n_200,58,47,2,2,2,true,58,0,0,0,0
chess-n_2000,1531,4343,204,186,61,false,1131,0,9403,90003,82935
chess-n_3000,2586,11156,-1,340,65,false,1616,0,1085,90036,82252
chess-n_4000,3620,17404,-1,507,82,false,2029,0,335,90222,83468
chess-n_50,3,2,0,0,0,true,3,0,0,0,0
chess-n_500,241,319,17,17,17,true,241,0,0,0,0
chess-n_5000,4752,27339,-1,715,78,false,2327,0,118,90296,84019
chess-n_6000,5854,40749,-1,911,81,false,2659,0,64,90507,83731
chess-n_7000,6966,55133,-1,1123,91,false,2913,0,37,103176,96409
chess-n_7303,7301,60046,-1,1200,85,false,2958,0,27,90484,84793
ChicagoRegional-n_100,2,2,1,1,1,true,2,0,0,0,0
ChicagoRegional-n_1000,224,245,92,92,92,true,224,0,0,1,0
ChicagoRegional-n_10000,9579,23005,4193,4193,3551,true,8375,0,742,35,16
ChicagoRegional-n_1500,457,485,181,181,179,true,454,0,3,0,0
ChicagoRegional-n_200,13,12,5,5,5,true,13,0,0,0,0
ChicagoRegional-n_2000,777,888,307,307,301,true,767,0,8,0,0
ChicagoRegional-n_3000,1619,2022,631,631,617,true,1596,0,19,0,0
ChicagoRegional-n_4000,2607,3623,1020,1020,1004,true,2581,0,22,1,0
ChicagoRegional-n_50,4,4,2,2,2,true,4,0,0,0,0
ChicagoRegional-n_500,52,50,24,24,24,true,52,0,0,0,0
ChicagoRegional-n_5000,3710,5774,1484,1484,1438,true,3627,0,51,1,0
ChicagoRegional-n_6000,4927,8488,1987,1987,1865,true,4703,0,122,2,0
ChicagoRegional-n_7000,6106,11328,2495,2495,2347,true,5842,0,149,2,0
ChicagoRegional-n_8000,7282,14765,3028,3028,2772,true,6804,0,217,4,1
ChicagoRegional-n_9000,8479,19095,3651,3651,3198,true,7628,0,343,9,3
health-n_100,23,18,4,4,4,true,23,0,0,0,0
health-n_1000,934,2008,231,231,211,true,904,0,30,0,0
health-n_1500,1451,4642,446,446,341,true,1261,0,317177,27337,18749
health-n_200,94,87,17,17,17,true,94,0,0,0,0
health-n_2000,1973,7956,674,623,297,false,1172,0,1635,90115,78298
health-n_2542,2539,12969,960,832,235,false,1031,0,363,90085,78092
health-n_50,10,7,2,2,2,true,10,0,0,0,0
health-n_500,388,490,67,67,65,true,384,0,2,0,0
link-kv-n_100,18,22,8,8,4,true,12,0,6,0,0
link-kv-n_1000,644,4081,234,173,63,false,440,0,261434,90000,62618
link-kv-n_1500,1054,8494,391,263,101,false,705,0,18872,90004,51835
link-kv-n_200,90,139,20,20,10,true,76,0,17,0,0
link-kv-n_2000,1772,19901,565,376,112,false,1210,0,2808,90012,36182
link-kv-n_3000,2540,39796,900,528,174,false,1620,0,728,91005,31851
link-kv-n_4000,3777,69389,-1,773,200,false,2389,0,195,90023,30337
link-kv-n_50,6,3,0,0,0,true,6,0,0,0,0
link-kv-n_500,270,1056,83,83,23,true,196,0,170,5,1
link-kv-n_5000,4840,117893,-1,968,261,false,2975,0,205,90857,21730
link-kv-n_6000,5911,162803,-1,1237,304,false,3599,0,552,90320,16750
link-kv-n_6916,6914,211650,-1,1463,352,false,4186,0,50,92265,17124
openflights-n_100,25,48,10,10,10,true,25,0,0,0,0
openflights-n_1000,625,2842,201,201,190,true,602,0,9,0,0
openflights-n_1500,1199,7492,413,413,364,true,1111,0,47,1,0
openflights-n_200,64,106,26,26,22,true,57,0,5,0,0
openflights-n_2000,1794,13285,593,593,535,true,1691,0,57,2,0
openflights-n_2942,2939,30501,998,998,858,true,2676,0,125,8,2
openflights-n_50,4,4,2,2,2,true,4,0,0,0,0
openflights-n_500,226,770,80,80,69,true,207,0,13,0,0
out.cfinder-google-n_100,8,7,6,6,6,true,8,0,0,0,0
out.cfinder-google-n_1000,413,576,100,100,94,true,404,0,9,0,0
out.cfinder-google-n_10000,9678,70276,3133,1700,1603,false,7514,0,24511,90002,76562
out.cfinder-google-n_1500,723,1120,188,188,157,true,678,0,49,0,0
out.cfinder-google-n_200,32,27,13,13,13,true,32,0,0,0,0
out.cfinder-google-n_2000,1384,3224,307,307,244,true,1294,0,100,1,0
out.cfinder-google-n_3000,2127,5857,574,574,400,true,1880,0,281,2,0
out.cfinder-google-n_4000,3184,11463,852,852,555,true,2768,0,496,6,0
out.cfinder-google-n_50,8,8,7,7,7,true,8,0,0,0,0
out.cfinder-google-n_500,119,142,37,37,35,true,116,0,3,0,0
out.cfinder-google-n_5000,4366,19192,1200,1200,740,true,3722,0,781,16,1
out.cfinder-google-n_6000,5853,31372,1581,1581,901,true,4916,0,1264,21,2
out.cfinder-google-n_7000,6186,31254,1928,1928,1091,true,5038,0,1568,19,3
out.cfinder-google-n_8000,7228,48521,2338,1318,1204,false,5596,0,67106,90000,70847
out.cfinder-google-n_9000,8186,53109,2698,2698,1380,true,6392,0,3693,75,22
talk-oc-n_100,0,0,0,0,0,true,0,0,0,0,0
talk-oc-n_1000,589,757,7,7,7,true,589,0,0,0,0
talk-oc-n_1500,284,489,15,15,15,true,284,0,0,0,0
talk-oc-n_200,81,78,0,0,0,true,81,0,0,0,0
talk-oc-n_2000,408,605,15,15,15,true,408,0,0,0,0
talk-oc-n_3000,2997,4263,29,29,29,true,2997,0,0,0,0
talk-oc-n_3066,3064,4464,30,30,30,true,3064,0,0,1,0
talk-oc-n_50,0,0,0,0,0,true,0,0,0,0,0
talk-oc-n_500,26,22,3,3,3,true,26,0,0,0,0
temporalGraph-n_100,2,1,0,0,0,true,2,0,0,0,0
temporalGraph-n_1000,622,1447,40,40,40,true,622,0,0,0,0
temporalGraph-n_1500,1343,3437,77,77,61,true,1310,0,13,1,0
temporalGraph-n_1868,1866,5517,106,106,91,true,1834,0,12,2,0
temporalGraph-n_200,50,73,5,5,5,true,50,0,0,0,0
temporalGraph-n_50,12,16,3,3,3,true,12,0,0,0,0
temporalGraph-n_500,199,368,17,17,11,true,185,0,3,0,0
ucsocial-n_100,26,30,5,5,5,true,26,0,0,0,0
ucsocial-n_1000,882,6250,258,258,219,true,798,0,6,3,0
ucsocial-n_1500,1412,12596,435,435,253,true,1033,0,569,1653,1082
ucsocial-n_1902,1899,20296,585,585,381,true,1493,0,7793,13912,10303
ucsocial-n_200,82,138,23,23,23,true,82,0,0,0,0
ucsocial-n_50,16,18,3,3,3,true,16,0,0,0,0
ucsocial-n_500,353,1231,80,80,80,true,353,0,0,0,0
usairport-n_100,46,92,13,13,13,true,46,0,0,1,0
usairport-n_1000,910,10027,253,253,146,true,730,0,19442,1622,988
usairport-n_1500,1490,25277,428,428,222,true,1115,0,428661,48456,30670
usairport-n_1577,1574,28236,455,455,243,true,1189,0,694284,87108,55861
usairport-n_200,104,308,29,29,19,true,85,0,6,0,0
usairport-n_50,10,19,5,5,2,true,5,0,3,0,0
usairport-n_500,383,3451,112,112,68,true,305,0,85,12,5
wikispeedia-n_100,26,19,0,0,0,true,26,0,0,0,0
wikispeedia-n_1000,903,3091,156,156,145,true,884,0,32,1,0
wikispeedia-n_1500,1415,7438,271,269,165,false,1114,0,68819,90000,79708
wikispeedia-n_200,124,190,14,14,14,true,124,0,0,0,0
wikispeedia-n_2000,1927,12519,437,411,201,false,1300,0,3610,90001,80732
wikispeedia-n_3000,2973,29508,-1,706,224,false,1442,0,393,90250,78390
wikispeedia-n_4000,3996,52711,-1,1004,247,false,1524,0,132,90004,75417
wikispeedia-n_4181,4179,57572,-1,1063,255,false,1558,0,111,90014,75499
wikispeedia-n_50,8,5,0,0,0,true,8,0,0,0,0
wikispeedia-n_500,370,857,56,56,45,true,345,0,10,0,0
synth-n_100-m_1093-k_5-p_0.2.txt,100,1093,5,5,5,true,100,0,0,0,0
synth-n_100-m_1146-k_10-p_0.2.txt,100,1146,10,10,0,true,8,0,8,2,1
synth-n_100-m_1151-k_15-p_0.2.txt,100,1151,15,15,0,true,3,0,17,8,6
synth-n_100-m_1229-k_20-p_0.2.txt,100,1229,20,20,0,true,0,0,15,13,6
synth-n_100-m_1263-k_25-p_0.2.txt,100,1263,25,25,0,true,0,0,44,51,33
synth-n_100-m_1275-k_30-p_0.2.txt,100,1275,30,30,0,true,0,0,148,212,162
synth-n_100-m_263-k_5-p_0.05.txt,99,263,5,5,5,true,99,0,0,0,0
synth-n_100-m_289-k_10-p_0.05.txt,99,289,4,4,1,true,86,0,4,0,0
synth-n_100-m_302-k_15-p_0.05.txt,100,302,8,8,4,true,87,0,2,0,0
synth-n_100-m_332-k_20-p_0.05.txt,100,332,14,14,3,true,57,0,12,1,0
synth-n_100-m_336-k_30-p_0.05.txt,100,336,15,15,1,true,42,0,85,15,12
synth-n_100-m_343-k_25-p_0.05.txt,100,343,14,14,0,true,43,0,74,9,6
synth-n_100-m_515-k_5-p_0.1.txt,100,515,5,5,0,true,37,0,3,0,0
synth-n_100-m_591-k_15-p_0.1.txt,100,591,15,15,0,true,17,0,50,17,13
synth-n_100-m_611-k_10-p_0.1.txt,100,611,10,10,0,true,19,0,8,1,0
synth-n_100-m_628-k_20-p_0.1.txt,100,628,20,20,0,true,12,0,85,33,28
synth-n_100-m_691-k_25-p_0.1.txt,100,691,25,25,0,true,3,0,485,269,223
synth-n_100-m_732-k_30-p_0.1.txt,100,732,30,30,0,true,1,0,9078,4845,4032
synth-n_1000-m_107005-k_50-p_0.2.txt,1000,107005,-1,50,0,true,0,0,47,13265,7435
synth-n_1000-m_110357-k_70-p_0.2.txt,1000,110357,-1,70,0,true,0,0,68,22394,13574
synth-n_1000-m_114433-k_100-p_0.2.txt,1000,114433,-1,100,0,true,0,0,104,46102,31963
synth-n_1000-m_116757-k_120-p_0.2.txt,1000,116757,-1,120,0,true,0,0,154,87719,65499
synth-n_1000-m_119520-k_150-p_0.2.txt,1000,119520,-1,148,0,false,0,0,80,90259,74805
synth-n_1000-m_124702-k_200-p_0.2.txt,1000,124702,-1,194,0,false,0,0,75,91246,76811
synth-n_1000-m_27142-k_50-p_0.05.txt,1000,27142,50,50,0,true,13,0,45,1177,1117
synth-n_1000-m_28175-k_70-p_0.05.txt,1000,28175,70,70,0,true,11,0,73,3311,2631
synth-n_1000-m_29037-k_100-p_0.05.txt,1000,29037,100,100,0,true,5,0,236,28369,20775
synth-n_1000-m_30042-k_120-p_0.05.txt,1000,30042,120,120,0,true,0,0,171,20173,13988
synth-n_1000-m_30795-k_150-p_0.05.txt,1000,30795,150,149,0,false,0,0,378,90067,69110
synth-n_1000-m_32410-k_200-p_0.05.txt,1000,32410,-1,189,0,false,0,0,409,93476,82049
synth-n_1000-m_54531-k_50-p_0.1.txt,1000,54531,50,50,0,true,3,0,46,4625,2482
synth-n_1000-m_55974-k_70-p_0.1.txt,1000,55974,70,70,0,true,0,0,61,7990,4395
synth-n_1000-m_57929-k_100-p_0.1.txt,1000,57929,-1,100,0,true,0,0,181,46626,33134
synth-n_1000-m_59867-k_120-p_0.1.txt,1000,59867,-1,120,0,true,0,0,247,81971,62799
synth-n_1000-m_60934-k_150-p_0.1.txt,1000,60934,-1,149,0,false,0,0,227,96129,84588
synth-n_1000-m_64710-k_200-p_0.1.txt,1000,64710,-1,192,0,false,0,0,142,90326,76697
synth-n_1300-m_104213-k_200-p_0.1.txt,1300,104213,-1,193,0,false,0,0,64,99493,86934
synth-n_1300-m_178841-k_50-p_0.2.txt,1300,178841,-1,50,0,true,0,0,58,38498,23350
synth-n_1300-m_183367-k_70-p_0.2.txt,1300,183367,-1,70,0,true,0,0,66,46167,29327
synth-n_1300-m_188195-k_100-p_0.2.txt,1300,188195,-1,100,0,false,0,0,71,90061,67651
synth-n_1300-m_191963-k_120-p_0.2.txt,1300,191963,-1,119,0,false,0,0,50,90007,71954
synth-n_1300-m_196174-k_150-p_0.2.txt,1300,196174,-1,149,0,false,0,0,40,90849,75594
synth-n_1300-m_204142-k_200-p_0.2.txt,1300,204142,-1,195,0,false,0,0,26,91687,80956
synth-n_1300-m_45241-k_50-p_0.05.txt,1300,45241,50,50,0,true,9,0,69,4654,3951
synth-n_1300-m_46137-k_70-p_0.05.txt,1300,46137,70,70,0,true,10,0,65,5285,3617
synth-n_1300-m_47847-k_100-p_0.05.txt,1300,47847,-1,100,0,true,2,0,123,21708,14231
synth-n_1300-m_49172-k_120-p_0.05.txt,1300,49172,-1,120,0,true,0,0,199,51858,36763
synth-n_1300-m_50340-k_150-p_0.05.txt,1300,50340,-1,147,0,false,0,0,228,90045,67409
synth-n_1300-m_52952-k_200-p_0.05.txt,1300,52952,-1,196,0,false,1,0,139,92438,75479
synth-n_1300-m_89669-k_50-p_0.1.txt,1300,89669,-1,50,0,true,2,0,48,8842,5030
synth-n_1300-m_92255-k_70-p_0.1.txt,1300,92255,-1,70,0,true,1,0,68,17373,9181
synth-n_1300-m_95352-k_100-p_0.1.txt,1300,95352,-1,100,0,true,0,0,160,66763,42647
synth-n_1300-m_97421-k_120-p_0.1.txt,1300,97421,-1,120,0,true,0,0,162,80228,57978
synth-n_1300-m_99879-k_150-p_0.1.txt,1300,99879,-1,150,0,true,0,0,152,61362,41225
synth-n_150-m_1254-k_10-p_0.1.txt,150,1254,10,10,0,true,32,0,7,3,1
synth-n_150-m_1269-k_15-p_0.1.txt,150,1269,15,15,2,true,31,0,10,4,3
synth-n_150-m_1284-k_20-p_0.1.txt,150,1284,20,20,0,true,16,0,17,7,6
synth-n_150-m_1385-k_25-p_0.1.txt,150,1385,25,25,0,true,9,0,40,36,31
synth-n_150-m_1423-k_30-p_0.1.txt,150,1423,30,30,0,true,8,0,171,316,257
synth-n_150-m_1561-k_70-p_0.1.txt,150,1561,-1,52,0,false,1,0,44308,90000,79213
synth-n_150-m_1564-k_50-p_0.1.txt,150,1564,-1,48,0,true,0,0,10715,20783,18061
synth-n_150-m_2446-k_10-p_0.2.txt,150,2446,10,10,0,true,6,0,9,6,4
synth-n_150-m_2502-k_15-p_0.2.txt,150,2502,15,15,0,true,3,0,20,22,17
synth-n_150-m_2552-k_20-p_0.2.txt,150,2552,20,20,0,true,2,0,48,94,69
synth-n_150-m_2731-k_25-p_0.2.txt,150,2731,25,25,0,true,1,0,36,77,47
synth-n_150-m_2807-k_30-p_0.2.txt,150,2807,30,30,0,true,0,0,37,70,54
synth-n_150-m_3040-k_50-p_0.2.txt,150,3040,50,50,0,true,0,0,419,1500,1154
synth-n_150-m_3050-k_70-p_0.2.txt,150,3050,-1,68,0,false,0,0,37263,90000,76662
synth-n_150-m_630-k_15-p_0.05.txt,150,630,15,15,1,true,74,0,55,12,9
synth-n_150-m_634-k_10-p_0.05.txt,150,634,7,7,7,true,150,0,0,0,0
synth-n_150-m_666-k_20-p_0.05.txt,150,666,15,15,1,true,56,0,10,2,1
synth-n_150-m_704-k_25-p_0.05.txt,150,704,23,23,1,true,48,0,588,327,274
synth-n_150-m_781-k_50-p_0.05.txt,150,781,32,32,0,true,25,0,79540,61924,50974
synth-n_150-m_782-k_30-p_0.05.txt,150,782,28,28,1,true,29,0,8010,4601,3711
synth-n_150-m_805-k_70-p_0.05.txt,150,805,43,35,0,false,12,0,67012,90000,73674
synth-n_1600-m_137884-k_70-p_0.1.txt,1600,137884,-1,70,0,true,0,0,77,37995,23264
synth-n_1600-m_141523-k_100-p_0.1.txt,1600,141523,-1,100,0,true,0,0,94,48622,30188
synth-n_1600-m_143789-k_120-p_0.1.txt,1600,143789,-1,120,0,false,0,0,95,90069,64737
synth-n_1600-m_147721-k_150-p_0.1.txt,1600,147721,-1,148,0,false,0,0,49,90482,75745
synth-n_1600-m_152838-k_200-p_0.1.txt,1600,152838,-1,197,0,false,0,0,48,115862,101664
synth-n_1600-m_273042-k_70-p_0.2.txt,1600,273042,-1,70,0,true,0,0,68,86743,53721
synth-n_1600-m_279359-k_100-p_0.2.txt,1600,279359,-1,100,0,false,0,0,34,90420,70269
synth-n_1600-m_284773-k_120-p_0.2.txt,1600,284773,-1,118,0,false,0,0,33,92076,72369
synth-n_1600-m_290831-k_150-p_0.2.txt,1600,290831,-1,150,0,false,0,0,28,92396,74913
synth-n_1600-m_301143-k_200-p_0.2.txt,1600,301143,-1,193,0,false,0,0,22,129808,114089
synth-n_1600-m_68907-k_70-p_0.05.txt,1600,68907,70,70,0,true,2,0,62,10807,5744
synth-n_1600-m_70865-k_100-p_0.05.txt,1600,70865,-1,100,0,true,3,0,107,31497,21530
synth-n_1600-m_72748-k_120-p_0.05.txt,1600,72748,-1,120,0,true,0,0,150,60596,42147
synth-n_1600-m_74607-k_150-p_0.05.txt,1600,74607,-1,150,0,false,0,0,132,90302,65660
synth-n_1600-m_77345-k_200-p_0.05.txt,1600,77345,-1,194,0,false,0,0,84,90525,73513
synth-n_200-m_1076-k_10-p_0.05.txt,200,1076,10,10,10,true,200,0,0,0,0
synth-n_200-m_1167-k_15-p_0.05.txt,200,1167,15,15,1,true,62,0,20,10,7
synth-n_200-m_1175-k_20-p_0.05.txt,200,1175,20,20,0,true,43,0,60,55,46
synth-n_200-m_1245-k_25-p_0.05.txt,200,1245,24,24,0,true,48,0,29,23,20
synth-n_200-m_1266-k_30-p_0.05.txt,200,1266,30,30,0,true,38,0,2752,3503,2995
synth-n_200-m_1336-k_50-p_0.05.txt,200,1336,45,42,0,false,15,0,37671,90000,75815
synth-n_200-m_1434-k_70-p_0.05.txt,200,1434,-1,49,0,false,2,0,25494,90004,75244
synth-n_200-m_2169-k_15-p_0.1.txt,200,2169,15,15,1,true,25,0,18,17,14
synth-n_200-m_2199-k_10-p_0.1.txt,200,2199,10,10,0,true,20,0,8,5,3
synth-n_200-m_2293-k_20-p_0.1.txt,200,2293,20,20,0,true,12,0,17,17,15
synth-n_200-m_2369-k_25-p_0.1.txt,200,2369,25,25,0,true,13,0,22,25,22
synth-n_200-m_2491-k_30-p_0.1.txt,200,2491,30,30,0,true,8,0,71,240,190
synth-n_200-m_2592-k_50-p_0.1.txt,200,2592,50,50,0,true,1,0,621,2260,1894
synth-n_200-m_2772-k_70-p_0.1.txt,200,2772,70,67,0,false,0,0,20619,90002,80976
synth-n_200-m_4301-k_10-p_0.2.txt,200,4301,10,10,0,true,5,0,8,9,6
synth-n_200-m_4485-k_20-p_0.2.txt,200,4485,20,20,0,true,0,0,19,33,21
synth-n_200-m_4497-k_15-p_0.2.txt,200,4497,15,15,0,true,4,0,13,18,14
synth-n_200-m_4763-k_25-p_0.2.txt,200,4763,25,25,0,true,0,0,33,170,100
synth-n_200-m_4854-k_30-p_0.2.txt,200,4854,30,30,0,true,1,0,38,171,109
synth-n_200-m_5144-k_50-p_0.2.txt,200,5144,50,50,0,true,0,0,134,999,752
synth-n_200-m_5366-k_70-p_0.2.txt,200,5366,70,70,0,true,0,0,1335,7997,6645
synth-n_2000-m_106592-k_70-p_0.05.txt,2000,106592,70,70,0,true,9,0,105,32191,23332
synth-n_2000-m_108739-k_100-p_0.05.txt,2000,108739,-1,100,0,true,1,0,94,39667,22420
synth-n_2000-m_110886-k_120-p_0.05.txt,2000,110886,-1,119,0,false,2,0,83,90121,67633
synth-n_2000-m_112582-k_150-p_0.05.txt,2000,112582,-1,149,0,false,0,0,65,90796,69593
synth-n_2000-m_117145-k_200-p_0.05.txt,2000,117145,-1,195,0,false,0,0,58,90429,71654
synth-n_2000-m_212793-k_70-p_0.1.txt,2000,212793,-1,70,0,true,0,0,67,52513,33548
synth-n_2000-m_217131-k_100-p_0.1.txt,2000,217131,-1,100,0,false,0,0,54,90264,63932
synth-n_2000-m_220005-k_120-p_0.1.txt,2000,220005,-1,120,0,false,0,0,47,90271,67197
synth-n_2000-m_225391-k_150-p_0.1.txt,2000,225391,-1,150,0,false,0,0,50,91051,67054
synth-n_2000-m_233102-k_200-p_0.1.txt,2000,233102,-1,198,0,false,0,0,30,130823,115095
synth-n_2000-m_422023-k_70-p_0.2.txt,2000,422023,-1,70,0,false,0,0,23,90445,66106
synth-n_2000-m_430943-k_100-p_0.2.txt,2000,430943,-1,100,0,false,0,0,20,91713,70920
synth-n_2000-m_435643-k_120-p_0.2.txt,2000,435643,-1,120,0,false,0,0,17,91182,73048
synth-n_2000-m_444160-k_150-p_0.2.txt,2000,444160,-1,149,0,false,0,0,11,91016,78133
synth-n_2000-m_457573-k_200-p_0.2.txt,2000,457573,-1,198,0,false,0,0,7,90718,82083
synth-n_2300-m_142851-k_100-p_0.05.txt,2300,142851,-1,100,0,true,1,0,94,45018,27532
synth-n_2300-m_144829-k_120-p_0.05.txt,2300,144829,-1,120,0,false,2,0,57,90841,67994
synth-n_2300-m_147738-k_150-p_0.05.txt,2300,147738,-1,150,0,false,1,0,50,91116,69613
synth-n_2300-m_152429-k_200-p_0.05.txt,2300,152429,-1,197,0,false,0,0,56,90994,66419
synth-n_2300-m_284623-k_100-p_0.1.txt,2300,284623,-1,100,0,false,0,0,46,90130,59769
synth-n_2300-m_286796-k_120-p_0.1.txt,2300,286796,-1,120,0,false,0,0,40,91429,64784
synth-n_2300-m_292795-k_150-p_0.1.txt,2300,292795,-1,149,0,false,0,0,32,92370,70460
synth-n_2300-m_302503-k_200-p_0.1.txt,2300,302503,-1,195,0,false,0,0,23,91208,74624
synth-n_2300-m_563042-k_100-p_0.2.txt,2300,563042,-1,100,0,false,0,0,13,91517,72047
synth-n_2300-m_569928-k_120-p_0.2.txt,2300,569928,-1,119,0,false,0,0,11,90545,73448
synth-n_2300-m_580179-k_150-p_0.2.txt,2300,580179,-1,148,0,false,0,0,7,96163,84211
synth-n_2300-m_595551-k_200-p_0.2.txt,2300,595551,-1,200,0,false,0,0,8,101614,87974
synth-n_250-m_1653-k_10-p_0.05.txt,250,1653,10,10,10,true,250,0,0,0,0
synth-n_250-m_1708-k_15-p_0.05.txt,250,1708,15,15,1,true,79,0,7,3,2
synth-n_250-m_1797-k_25-p_0.05.txt,250,1797,25,25,0,true,39,0,27,41,37
synth-n_250-m_1806-k_20-p_0.05.txt,250,1806,20,20,1,true,67,0,36,36,31
synth-n_250-m_1841-k_30-p_0.05.txt,250,1841,30,30,0,true,32,0,89,189,164
synth-n_250-m_1998-k_50-p_0.05.txt,250,1998,50,50,0,true,12,0,13092,47202,40748
synth-n_250-m_2173-k_70-p_0.05.txt,250,2173,69,59,0,false,9,0,18248,90000,77000
synth-n_250-m_2260-k_100-p_0.05.txt,250,2260,-1,65,0,false,0,0,14130,90002,77780
synth-n_250-m_2350-k_120-p_0.05.txt,250,2350,-1,69,0,false,0,0,13718,90029,79302
synth-n_250-m_3237-k_10-p_0.1.txt,250,3237,10,10,0,true,23,0,6,5,3
synth-n_250-m_3416-k_15-p_0.1.txt,250,3416,15,15,0,true,20,0,13,14,11
synth-n_250-m_3493-k_25-p_0.1.txt,250,3493,25,25,1,true,13,0,27,56,48
synth-n_250-m_3591-k_20-p_0.1.txt,250,3591,20,20,0,true,9,0,17,23,19
synth-n_250-m_3730-k_30-p_0.1.txt,250,3730,30,30,0,true,4,0,27,64,48
synth-n_250-m_3992-k_50-p_0.1.txt,250,3992,50,50,0,true,0,0,141,975,751
synth-n_250-m_4149-k_70-p_0.1.txt,250,4149,70,70,0,true,0,0,341,3102,2486
synth-n_250-m_4386-k_100-p_0.1.txt,250,4386,-1,86,0,false,0,0,11890,90000,82567
synth-n_250-m_4530-k_120-p_0.1.txt,250,4530,-1,89,0,false,0,0,11683,90003,82244
synth-n_250-m_6567-k_10-p_0.2.txt,250,6567,10,10,0,true,6,0,8,14,9
synth-n_250-m_6839-k_20-p_0.2.txt,250,6839,20,20,0,true,3,0,23,121,70
synth-n_250-m_6880-k_15-p_0.2.txt,250,6880,15,15,0,true,2,0,14,33,23
synth-n_250-m_7102-k_25-p_0.2.txt,250,7102,25,25,0,true,1,0,21,107,59
synth-n_250-m_7321-k_30-p_0.2.txt,250,7321,30,30,0,true,1,0,49,397,247
synth-n_250-m_8019-k_50-p_0.2.txt,250,8019,50,50,0,true,0,0,109,1542,1065
synth-n_250-m_8255-k_70-p_0.2.txt,250,8255,70,70,0,true,0,0,276,3850,3073
synth-n_250-m_8674-k_100-p_0.2.txt,250,8674,100,98,0,false,0,0,7640,90009,76775
synth-n_250-m_8784-k_120-p_0.2.txt,250,8784,-1,105,0,false,0,0,7363,90030,77671
synth-n_2600-m_181265-k_100-p_0.05.txt,2600,181265,-1,100,0,true,2,0,108,81014,53231
synth-n_2600-m_183371-k_120-p_0.05.txt,2600,183371,-1,119,0,false,0,0,55,90955,59587
synth-n_2600-m_186921-k_150-p_0.05.txt,2600,186921,-1,150,0,false,1,0,38,91029,71568
synth-n_2600-m_190932-k_200-p_0.05.txt,2600,190932,-1,195,0,false,0,0,32,91689,73701
synth-n_2600-m_360584-k_100-p_0.1.txt,2600,360584,-1,100,0,false,0,0,31,91939,62354
synth-n_2600-m_364394-k_120-p_0.1.txt,2600,364394,-1,119,0,false,0,0,26,91439,67018
synth-n_2600-m_370561-k_150-p_0.1.txt,2600,370561,-1,149,0,false,0,0,19,108187,88784
synth-n_2600-m_380919-k_200-p_0.1.txt,2600,380919,-1,197,0,false,0,0,18,93209,75652
synth-n_2600-m_716555-k_100-p_0.2.txt,2600,716555,-1,100,0,false,0,0,9,93205,73905
synth-n_2600-m_722675-k_120-p_0.2.txt,2600,722675,-1,120,0,false,0,0,8,96515,78818
synth-n_2600-m_735701-k_150-p_0.2.txt,2600,735701,-1,150,0,false,0,0,7,138176,121169
synth-n_2600-m_752513-k_200-p_0.2.txt,2600,752513,-1,199,0,false,0,0,5,91708,80244
synth-n_300-m_10021-k_20-p_0.2.txt,300,10021,20,20,0,true,1,0,19,159,107
synth-n_300-m_10113-k_25-p_0.2.txt,300,10113,25,25,0,true,1,0,22,178,92
synth-n_300-m_10205-k_30-p_0.2.txt,300,10205,30,30,0,true,0,0,27,244,123
synth-n_300-m_10954-k_50-p_0.2.txt,300,10954,50,50,0,true,0,0,87,1518,991
synth-n_300-m_11628-k_70-p_0.2.txt,300,11628,70,70,0,true,0,0,406,8344,6793
synth-n_300-m_12194-k_100-p_0.2.txt,300,12194,100,100,0,true,0,0,2378,46878,40621
synth-n_300-m_12407-k_120-p_0.2.txt,300,12407,120,119,0,false,0,0,4524,90051,77472
synth-n_300-m_2373-k_15-p_0.05.txt,300,2373,15,15,0,true,70,0,8,7,5
synth-n_300-m_2470-k_20-p_0.05.txt,300,2470,20,20,1,true,74,0,12,14,12
synth-n_300-m_2597-k_25-p_0.05.txt,300,2597,25,25,0,true,48,0,29,54,49
synth-n_300-m_2657-k_30-p_0.05.txt,300,2657,30,30,0,true,30,0,35,87,81
synth-n_300-m_2835-k_50-p_0.05.txt,300,2835,50,50,0,true,13,0,464,2727,2371
synth-n_300-m_2943-k_70-p_0.05.txt,300,2943,70,66,0,false,9,0,10223,90012,77747
synth-n_300-m_3132-k_100-p_0.05.txt,300,3132,-1,79,0,false,1,0,9548,90001,79795
synth-n_300-m_3265-k_120-p_0.05.txt,300,3265,-1,81,0,false,1,0,9237,90007,79659
synth-n_300-m_4857-k_15-p_0.1.txt,300,4857,15,15,0,true,26,0,12,23,17
synth-n_300-m_4934-k_25-p_0.1.txt,300,4934,25,25,0,true,11,0,22,50,41
synth-n_300-m_4954-k_20-p_0.1.txt,300,4954,20,20,0,true,18,0,23,68,59
synth-n_300-m_5319-k_30-p_0.1.txt,300,5319,30,30,0,true,6,0,52,279,230
synth-n_300-m_5550-k_50-p_0.1.txt,300,5550,50,50,0,true,1,0,70,557,384
synth-n_300-m_5939-k_70-p_0.1.txt,300,5939,70,70,0,true,0,0,121,1600,1155
synth-n_300-m_6233-k_100-p_0.1.txt,300,6233,100,97,0,false,0,0,7290,90027,80116
synth-n_300-m_6319-k_120-p_0.1.txt,300,6319,120,104,0,false,0,0,7032,90002,82178
synth-n_300-m_9556-k_15-p_0.2.txt,300,9556,15,15,0,true,1,0,15,70,44
synth-n_3000-m_240581-k_120-p_0.05.txt,3000,240581,-1,120,0,false,0,0,33,90912,64802
synth-n_3000-m_245845-k_150-p_0.05.txt,3000,245845,-1,150,0,false,0,0,42,90311,57710
synth-n_3000-m_251178-k_200-p_0.05.txt,3000,251178,-1,196,0,false,0,0,36,92428,64854
synth-n_3000-m_480800-k_120-p_0.1.txt,3000,480800,-1,120,0,false,0,0,17,91640,67776
synth-n_3000-m_488450-k_150-p_0.1.txt,3000,488450,-1,150,0,false,0,0,11,94260,75825
synth-n_3000-m_498304-k_200-p_0.1.txt,3000,498304,-1,200,0,false,0,0,12,96565,78744
synth-n_3000-m_954655-k_120-p_0.2.txt,3000,954655,-1,120,0,false,0,0,5,101195,82163
synth-n_3000-m_967399-k_150-p_0.2.txt,3000,967399,-1,150,0,false,0,0,5,111610,94739
synth-n_3000-m_988910-k_200-p_0.2.txt,3000,988910,-1,197,0,false,0,0,3,90604,78861
synth-n_3500-m_1289316-k_120-p_0.2.txt,3500,1289316,-1,120,0,false,0,0,3,95187,78922
synth-n_3500-m_1304726-k_150-p_0.2.txt,3500,1304726,-1,150,0,false,0,0,3,117295,100143
synth-n_3500-m_1330654-k_200-p_0.2.txt,3500,1330654,-1,199,0,false,0,0,2,96956,87331
synth-n_3500-m_325120-k_120-p_0.05.txt,3500,325120,-1,120,0,false,0,0,33,92047,54470
synth-n_3500-m_330042-k_150-p_0.05.txt,3500,330042,-1,149,0,false,0,0,26,90205,58273
synth-n_3500-m_337087-k_200-p_0.05.txt,3500,337087,-1,200,0,false,0,0,23,92930,67700
synth-n_3500-m_649101-k_120-p_0.1.txt,3500,649101,-1,120,0,false,0,0,11,93822,70726
synth-n_3500-m_657209-k_150-p_0.1.txt,3500,657209,-1,149,0,false,0,0,9,90037,71265
synth-n_3500-m_672789-k_200-p_0.1.txt,3500,672789,-1,199,0,false,0,0,7,99022,84301
synth-n_400-m_10064-k_70-p_0.1.txt,400,10064,70,70,0,true,0,0,122,2871,2075
synth-n_400-m_10528-k_100-p_0.1.txt,400,10528,100,100,0,true,0,0,717,19493,16141
synth-n_400-m_10934-k_120-p_0.1.txt,400,10934,120,119,0,false,0,0,3585,90053,80726
synth-n_400-m_11482-k_150-p_0.1.txt,400,11482,150,131,0,false,0,0,3017,90121,82866
synth-n_400-m_16937-k_15-p_0.2.txt,400,16937,15,15,0,true,4,0,12,108,80
synth-n_400-m_17175-k_20-p_0.2.txt,400,17175,20,20,0,true,0,0,19,223,133
synth-n_400-m_17488-k_25-p_0.2.txt,400,17488,25,25,0,true,0,0,22,371,238
synth-n_400-m_17822-k_30-p_0.2.txt,400,17822,30,30,0,true,0,0,30,541,321
synth-n_400-m_18943-k_50-p_0.2.txt,400,18943,50,50,0,true,0,0,49,1047,626
synth-n_400-m_19735-k_70-p_0.2.txt,400,19735,70,70,0,true,0,0,129,5699,4029
synth-n_400-m_20559-k_100-p_0.2.txt,400,20559,100,100,0,true,0,0,943,51417,41352
synth-n_400-m_21181-k_120-p_0.2.txt,400,21181,120,117,0,false,0,0,1751,90012,77744
synth-n_400-m_21916-k_150-p_0.2.txt,400,21916,-1,138,0,false,0,0,1327,90676,78622
synth-n_400-m_4229-k_20-p_0.05.txt,400,4229,20,20,1,true,69,0,19,44,37
synth-n_400-m_4312-k_15-p_0.05.txt,400,4312,15,15,3,true,100,0,7,8,4
synth-n_400-m_4511-k_25-p_0.05.txt,400,4511,25,25,1,true,58,0,26,70,58
synth-n_400-m_4551-k_30-p_0.05.txt,400,4551,30,30,0,true,38,0,27,102,93
synth-n_400-m_4714-k_50-p_0.05.txt,400,4714,50,50,0,true,17,0,518,5881,5470
synth-n_400-m_5045-k_70-p_0.05.txt,400,5045,70,70,0,true,10,0,1364,18246,14984
synth-n_400-m_5336-k_100-p_0.05.txt,400,5336,100,95,0,false,1,0,4850,90004,79684
synth-n_400-m_5606-k_120-p_0.05.txt,400,5606,120,107,0,false,2,0,4728,90012,81982
synth-n_400-m_5840-k_150-p_0.05.txt,400,5840,-1,114,0,false,0,0,4453,90003,82192
synth-n_400-m_8510-k_15-p_0.1.txt,400,8510,15,15,3,true,29,0,9,20,13
synth-n_400-m_8590-k_20-p_0.1.txt,400,8590,20,20,1,true,24,0,12,41,31
synth-n_400-m_8815-k_25-p_0.1.txt,400,8815,25,25,0,true,7,0,30,241,191
synth-n_400-m_9014-k_30-p_0.1.txt,400,9014,30,30,0,true,9,0,36,230,209
synth-n_400-m_9687-k_50-p_0.1.txt,400,9687,50,50,0,true,1,0,53,612,397
synth-n_4000-m_1691611-k_150-p_0.2.txt,4000,1691611,-1,150,0,false,0,0,2,118127,103449
synth-n_4000-m_1721128-k_200-p_0.2.txt,4000,1721128,-1,200,0,false,0,0,2,131911,119334
synth-n_4000-m_427463-k_150-p_0.05.txt,4000,427463,-1,150,0,false,0,0,19,92781,61924
synth-n_4000-m_437663-k_200-p_0.05.txt,4000,437663,-1,197,0,false,0,0,15,96737,73274
synth-n_4000-m_852262-k_150-p_0.1.txt,4000,852262,-1,150,0,false,0,0,7,104719,83225
