name,n,m,k_optimal,k_solved,k_start,verified,pre_removed_nodes,packing_size,heuristic_size,packing_millis,millis,recursive_steps
advotogo-n_100,26,31,2,2,2,true,26,0,0,0,166,0
advotogo-n_1000,624,1883,127,127,120,true,612,7,7,41,102,0
advotogo-n_1500,1110,4342,215,215,196,true,1072,19,19,4,30,0
advotogo-n_200,63,68,9,9,7,true,60,2,2,0,3,0
advotogo-n_2000,1556,6786,297,297,279,true,1526,17,18,2,1710,2
advotogo-n_3000,2657,16140,548,548,495,true,2556,52,53,35,6069,3
advotogo-n_4000,3775,29831,863,861,554,false,3090,303,309,57900,90001,105375
advotogo-n_50,0,0,0,0,0,true,0,0,0,0,2,0
advotogo-n_500,247,446,39,39,37,true,244,2,2,1,2,0
advotogo-n_5000,4962,43776,1160,1158,699,false,3953,456,461,64597,90002,72480
advotogo-n_5159,5155,47135,1208,1206,742,false,4141,461,468,60711,90001,81941
bitcoinalpha-n_100,5,7,2,2,2,true,5,0,0,0,2,0
bitcoinalpha-n_1000,545,1878,136,136,134,true,542,2,2,1,3,0
bitcoinalpha-n_1500,957,3890,261,261,259,true,954,2,2,0,5,0
bitcoinalpha-n_200,50,78,11,11,11,true,50,0,0,0,1,0
bitcoinalpha-n_2000,1450,6295,393,393,386,true,1438,7,7,0,8,0
bitcoinalpha-n_3000,2659,15429,658,658,646,true,2638,11,12,0,8582,5
bitcoinalpha-n_3785,3783,24186,921,921,901,true,3744,19,20,0,4407,2
bitcoinalpha-n_50,5,5,2,2,2,true,5,0,0,0,1,0
bitcoinalpha-n_500,202,465,54,54,51,true,197,2,3,0,10003,1
blogs-n_100,67,170,8,8,8,true,67,0,0,0,2,0
blogs-n_1000,977,12749,196,196,66,true,646,130,130,5,24,0
blogs-n_1227,1224,19022,262,262,87,true,778,171,175,1025,11136,1525
blogs-n_200,138,426,16,16,16,true,138,0,0,0,2,0
blogs-n_50,34,88,6,6,6,true,34,0,0,0,1,0
blogs-n_500,430,2918,76,76,49,true,378,24,27,2,10009,41
chess-n_100,13,7,0,0,0,true,13,0,0,0,1,0
chess-n_1000,613,1295,62,62,27,true,523,31,35,15,10024,160
chess-n_1500,1075,2561,127,127,45,false,859,73,83,56999,90001,298478
chess-n_200,58,47,2,2,2,true,58,0,0,0,1,0
chess-n_2000,1531,4343,204,196,61,false,1131,123,148,47670,90001,140934
chess-n_3000,2586,11156,-1,394,65,false,1616,295,364,51045,90002,58478
chess-n_4000,3620,17404,-1,613,82,false,2029,462,601,56555,90001,31734
chess-n_50,3,2,0,0,0,true,3,0,0,0,2,0
chess-n_500,241,319,17,17,17,true,241,0,0,0,1,0
chess-n_5000,4752,27339,-1,907,78,false,2327,717,942,58994,90001,19960
chess-n_6000,5854,40749,-1,1180,81,false,2659,937,1262,64143,90003,11338
chess-n_7000,6966,55133,-1,1497,91,false,2913,1184,1629,65311,90016,8254
chess-n_7303,7301,60046,-1,1601,85,false,2958,1276,1756,60718,90003,10002
ChicagoRegional-n_100,2,2,1,1,1,true,2,0,0,0,1,0
ChicagoRegional-n_1000,224,245,92,92,92,true,224,0,0,0,0,0
ChicagoRegional-n_10000,9579,23005,4193,4193,3551,true,8375,607,642,36,5447,118
ChicagoRegional-n_1500,457,485,181,181,179,true,454,2,2,1,2,0
ChicagoRegional-n_200,13,12,5,5,5,true,13,0,0,0,0,0
ChicagoRegional-n_2000,777,888,307,307,301,true,767,6,6,0,3,0
ChicagoRegional-n_3000,1619,2022,631,631,617,true,1596,14,14,2,5,0
ChicagoRegional-n_4000,2607,3623,1020,1020,1004,true,2581,16,16,1,8,0
ChicagoRegional-n_50,4,4,2,2,2,true,4,0,0,0,1,0
ChicagoRegional-n_500,52,50,24,24,24,true,52,0,0,0,1,0
ChicagoRegional-n_5000,3710,5774,1484,1484,1438,true,3627,45,46,6,621,1
ChicagoRegional-n_6000,4927,8488,1987,1987,1865,true,4703,119,122,13,713,3
ChicagoRegional-n_7000,6106,11328,2495,2495,2347,true,5842,142,148,14,1711,7
ChicagoRegional-n_8000,7282,14765,3028,3028,2772,true,6804,241,256,24,3311,20
ChicagoRegional-n_9000,8479,19095,3651,3651,3198,true,7628,427,453,39,4208,45
health-n_100,23,18,4,4,4,true,23,0,0,0,1,0
health-n_1000,934,2008,231,231,211,true,904,20,20,2,9,0
health-n_1500,1451,4642,446,446,341,true,1261,104,105,21,6068,244
health-n_200,94,87,17,17,17,true,94,0,0,0,1,0
health-n_2000,1973,7956,674,672,297,false,1172,371,379,48865,90001,107009
health-n_2542,2539,12969,960,959,235,false,1031,705,744,34734,90001,53512
health-n_50,10,7,2,2,2,true,10,0,0,0,1,0
health-n_500,388,490,67,67,65,true,384,2,2,0,2,0
link-kv-n_100,18,22,8,8,4,true,12,4,4,1,3,0
link-kv-n_1000,644,4081,234,234,63,true,440,171,171,6,18,0
link-kv-n_1500,1054,8494,391,390,101,false,705,289,290,28961,90001,932393
link-kv-n_200,90,139,20,20,10,true,76,10,10,2,5,0
link-kv-n_2000,1772,19901,565,564,112,false,1210,452,453,40672,90001,748676
link-kv-n_3000,2540,39796,900,898,174,false,1620,723,726,48338,90001,264085
link-kv-n_4000,3777,69389,1244,1244,200,false,2389,1042,1047,53541,90001,146471
link-kv-n_50,6,3,0,0,0,true,6,0,0,0,1,0
link-kv-n_500,270,1056,83,83,23,true,196,60,60,4,11,0
link-kv-n_5000,4840,117893,1670,1671,261,false,2975,1407,1413,74941,90001,92349
link-kv-n_6000,5911,162803,2014,2015,304,false,3599,1705,1717,61065,90001,31368
link-kv-n_6916,6914,211650,2364,2368,352,false,4186,2006,2027,64216,90002,23259
openflights-n_100,25,48,10,10,10,true,25,0,0,0,2,0
openflights-n_1000,625,2842,201,201,190,true,602,11,11,1,5,0
openflights-n_1500,1199,7492,413,413,364,true,1111,49,49,4,15,0
openflights-n_200,64,106,26,26,22,true,57,4,4,0,2,0
openflights-n_2000,1794,13285,593,593,535,true,1691,58,58,6,18,0
openflights-n_2942,2939,30501,998,998,858,true,2676,139,140,6,1514,1
openflights-n_50,4,4,2,2,2,true,4,0,0,0,1,0
openflights-n_500,226,770,80,80,69,true,207,11,11,0,3,0
out.cfinder-google-n_100,8,7,6,6,6,true,8,0,0,0,1,0
out.cfinder-google-n_1000,413,576,100,100,94,true,404,6,6,1,4,0
out.cfinder-google-n_10000,9678,70276,3133,3133,1603,true,7514,1530,1530,84,427,0
out.cfinder-google-n_1500,723,1120,188,188,157,true,678,31,31,2,10,0
out.cfinder-google-n_200,32,27,13,13,13,true,32,0,0,0,1,0
out.cfinder-google-n_2000,1384,3224,307,307,244,true,1294,63,63,6,19,0
out.cfinder-google-n_3000,2127,5857,574,574,400,true,1880,174,174,15,47,0
out.cfinder-google-n_4000,3184,11463,852,852,555,true,2768,297,297,24,88,0
out.cfinder-google-n_50,8,8,7,7,7,true,8,0,0,0,1,0
out.cfinder-google-n_500,119,142,37,37,35,true,116,2,2,0,1,0
out.cfinder-google-n_5000,4366,19192,1200,1200,740,true,3722,460,460,35,132,0
out.cfinder-google-n_6000,5853,31372,1581,1581,901,true,4916,680,680,48,193,0
out.cfinder-google-n_7000,6186,31254,1928,1928,1091,true,5038,836,837,58,326,6
out.cfinder-google-n_8000,7228,48521,2338,2338,1204,true,5596,1134,1134,72,311,0
out.cfinder-google-n_9000,8186,53109,2698,2698,1380,true,6392,1318,1318,78,314,0
talk-oc-n_100,0,0,0,0,0,true,0,0,0,0,1,0
talk-oc-n_1000,589,757,7,7,7,true,589,0,0,0,1,0
talk-oc-n_1500,284,489,15,15,15,true,284,0,0,0,1,0
talk-oc-n_200,81,78,0,0,0,true,81,0,0,0,1,0
talk-oc-n_2000,408,605,15,15,15,true,408,0,0,0,1,0
talk-oc-n_3000,2997,4263,29,29,29,true,2997,0,0,0,4,0
talk-oc-n_3066,3064,4464,30,30,30,true,3064,0,0,0,4,0
talk-oc-n_50,0,0,0,0,0,true,0,0,0,0,1,0
talk-oc-n_500,26,22,3,3,3,true,26,0,0,0,1,0
temporalGraph-n_100,2,1,0,0,0,true,2,0,0,0,1,0
temporalGraph-n_1000,622,1447,40,40,40,true,622,0,0,0,1,0
temporalGraph-n_1500,1343,3437,77,77,61,true,1310,16,16,0,3,0
temporalGraph-n_1868,1866,5517,106,106,91,true,1834,15,15,0,5,0
temporalGraph-n_200,50,73,5,5,5,true,50,0,0,0,1,0
temporalGraph-n_50,12,16,3,3,3,true,12,0,0,0,1,0
temporalGraph-n_500,199,368,17,17,11,true,185,6,6,1,1,0
ucsocial-n_100,26,30,5,5,5,true,26,0,0,0,1,0
ucsocial-n_1000,882,6250,258,258,219,true,798,38,39,1,10005,1
ucsocial-n_1500,1412,12596,435,435,253,true,1033,175,182,39,10061,55
ucsocial-n_1902,1899,20296,585,585,381,true,1493,196,204,125,10225,390
ucsocial-n_200,82,138,23,23,23,true,82,0,0,0,1,0
ucsocial-n_50,16,18,3,3,3,true,16,0,0,0,1,0
ucsocial-n_500,353,1231,80,80,80,true,353,0,0,0,1,0
usairport-n_100,46,92,13,13,13,true,46,0,0,0,0,0
usairport-n_1000,910,10027,253,253,146,true,730,106,107,4,5097,10
usairport-n_1500,1490,25277,428,428,222,true,1115,203,206,41,9708,345
usairport-n_1577,1574,28236,455,455,243,true,1189,208,212,155,9874,1883
usairport-n_200,104,308,29,29,19,true,85,9,10,0,10003,2
usairport-n_50,10,19,5,5,2,true,5,3,3,0,2,0
usairport-n_500,383,3451,112,112,68,true,305,42,44,1,6417,7
wikispeedia-n_100,26,19,0,0,0,true,26,0,0,0,0,0
wikispeedia-n_1000,903,3091,156,156,145,true,884,10,11,0,5166,4
wikispeedia-n_1500,1415,7438,271,271,165,true,1114,102,106,46055,66243,153271
wikispeedia-n_200,124,190,14,14,14,true,124,0,0,0,1,0
wikispeedia-n_2000,1927,12519,437,433,201,false,1300,224,240,53101,90001,103080
wikispeedia-n_3000,2973,29508,804,799,224,false,1442,547,604,62971,90002,48984
wikispeedia-n_4000,3996,52711,-1,1193,247,false,1524,898,995,62067,90004,25338
wikispeedia-n_4181,4179,57572,-1,1259,255,false,1558,949,1060,59646,90002,22970
wikispeedia-n_50,8,5,0,0,0,true,8,0,0,0,1,0
wikispeedia-n_500,370,857,56,56,45,true,345,11,11,0,3,0
synth-n_100-m_1093-k_5-p_0.2.txt,100,1093,5,5,5,true,100,0,0,0,2,0
synth-n_100-m_1146-k_10-p_0.2.txt,100,1146,10,10,0,true,8,10,10,1,4,0
synth-n_100-m_1151-k_15-p_0.2.txt,100,1151,15,15,0,true,3,15,15,1,4,0
synth-n_100-m_1229-k_20-p_0.2.txt,100,1229,20,20,0,true,0,20,20,1,4,0
synth-n_100-m_1263-k_25-p_0.2.txt,100,1263,25,25,0,true,0,25,25,1,14,0
synth-n_100-m_1275-k_30-p_0.2.txt,100,1275,30,30,0,true,0,29,30,2,10013,24
synth-n_100-m_263-k_5-p_0.05.txt,99,263,5,5,5,true,99,0,0,0,2,0
synth-n_100-m_289-k_10-p_0.05.txt,99,289,4,4,1,true,86,3,3,0,1,0
synth-n_100-m_302-k_15-p_0.05.txt,100,302,8,8,4,true,87,4,4,1,2,0
synth-n_100-m_332-k_20-p_0.05.txt,100,332,14,14,3,true,57,9,11,0,10003,7
synth-n_100-m_336-k_30-p_0.05.txt,100,336,15,15,1,true,42,12,14,12,10020,168
synth-n_100-m_343-k_25-p_0.05.txt,100,343,14,14,0,true,43,11,14,3,10007,35
synth-n_100-m_515-k_5-p_0.1.txt,100,515,5,5,0,true,37,5,5,0,2,0
synth-n_100-m_591-k_15-p_0.1.txt,100,591,15,15,0,true,17,15,15,0,501,0
synth-n_100-m_611-k_10-p_0.1.txt,100,611,10,10,0,true,19,10,10,1,3,0
synth-n_100-m_628-k_20-p_0.1.txt,100,628,20,20,0,true,12,18,20,1,10004,6
synth-n_100-m_691-k_25-p_0.1.txt,100,691,25,25,0,true,3,20,25,42,10071,358
synth-n_100-m_732-k_30-p_0.1.txt,100,732,30,30,0,true,1,24,30,521,10902,4885
synth-n_1000-m_107005-k_50-p_0.2.txt,1000,107005,50,50,0,true,0,50,50,1018,1517,0
synth-n_1000-m_110357-k_70-p_0.2.txt,1000,110357,70,70,0,true,0,70,70,1009,1613,0
synth-n_1000-m_114433-k_100-p_0.2.txt,1000,114433,100,100,0,true,0,100,100,889,1541,0
synth-n_1000-m_116757-k_120-p_0.2.txt,1000,116757,120,120,0,true,0,120,120,752,1678,0
synth-n_1000-m_119520-k_150-p_0.2.txt,1000,119520,150,150,0,true,0,150,150,642,1583,0
synth-n_1000-m_124702-k_200-p_0.2.txt,1000,124702,200,200,0,true,0,200,200,534,1674,0
synth-n_1000-m_27142-k_50-p_0.05.txt,1000,27142,50,50,0,true,13,50,50,391,442,0
synth-n_1000-m_28175-k_70-p_0.05.txt,1000,28175,70,70,0,true,11,70,70,342,448,0
synth-n_1000-m_29037-k_100-p_0.05.txt,1000,29037,100,100,0,true,5,100,100,315,474,0
synth-n_1000-m_30042-k_120-p_0.05.txt,1000,30042,120,120,0,true,0,120,120,280,450,0
synth-n_1000-m_30795-k_150-p_0.05.txt,1000,30795,150,150,0,true,0,150,150,250,487,0
synth-n_1000-m_32410-k_200-p_0.05.txt,1000,32410,200,200,0,true,0,200,200,203,1047,0
synth-n_1000-m_54531-k_50-p_0.1.txt,1000,54531,50,50,0,true,3,50,50,652,826,0
synth-n_1000-m_55974-k_70-p_0.1.txt,1000,55974,70,70,0,true,0,70,70,541,767,0
synth-n_1000-m_57929-k_100-p_0.1.txt,1000,57929,100,100,0,true,0,100,100,497,817,0
synth-n_1000-m_59867-k_120-p_0.1.txt,1000,59867,120,120,0,true,0,120,120,408,816,0
synth-n_1000-m_60934-k_150-p_0.1.txt,1000,60934,150,150,0,true,0,150,150,367,771,0
synth-n_1000-m_64710-k_200-p_0.1.txt,1000,64710,200,200,0,true,0,200,200,279,1228,0
synth-n_1300-m_104213-k_200-p_0.1.txt,1300,104213,200,200,0,true,0,200,200,737,1659,0
synth-n_1300-m_178841-k_50-p_0.2.txt,1300,178841,50,50,0,true,0,50,50,2489,3545,0
synth-n_1300-m_183367-k_70-p_0.2.txt,1300,183367,70,70,0,true,0,70,70,2430,3939,0
synth-n_1300-m_188195-k_100-p_0.2.txt,1300,188195,100,100,0,true,0,100,100,2106,3585,0
synth-n_1300-m_191963-k_120-p_0.2.txt,1300,191963,120,120,0,true,0,120,120,2105,3948,0
synth-n_1300-m_196174-k_150-p_0.2.txt,1300,196174,150,150,0,true,0,150,150,1594,3696,0
synth-n_1300-m_204142-k_200-p_0.2.txt,1300,204142,200,200,0,true,0,200,200,1461,3775,0
synth-n_1300-m_45241-k_50-p_0.05.txt,1300,45241,50,50,0,true,9,50,50,967,1177,0
synth-n_1300-m_46137-k_70-p_0.05.txt,1300,46137,70,70,0,true,10,70,70,854,1046,0
synth-n_1300-m_47847-k_100-p_0.05.txt,1300,47847,100,100,0,true,2,100,100,774,1060,0
synth-n_1300-m_49172-k_120-p_0.05.txt,1300,49172,120,120,0,true,0,120,120,719,1022,0
synth-n_1300-m_50340-k_150-p_0.05.txt,1300,50340,150,150,0,true,0,150,150,567,961,0
synth-n_1300-m_52952-k_200-p_0.05.txt,1300,52952,200,200,0,true,1,200,200,496,995,0
synth-n_1300-m_89669-k_50-p_0.1.txt,1300,89669,50,50,0,true,2,50,50,1320,1634,0
synth-n_1300-m_92255-k_70-p_0.1.txt,1300,92255,70,70,0,true,1,70,70,1442,1945,0
synth-n_1300-m_95352-k_100-p_0.1.txt,1300,95352,100,100,0,true,0,100,100,1164,1799,0
synth-n_1300-m_97421-k_120-p_0.1.txt,1300,97421,120,120,0,true,0,120,120,1108,1752,0
synth-n_1300-m_99879-k_150-p_0.1.txt,1300,99879,150,150,0,true,0,150,150,881,1747,0
synth-n_150-m_1254-k_10-p_0.1.txt,150,1254,10,10,0,true,32,10,10,1,4,0
synth-n_150-m_1269-k_15-p_0.1.txt,150,1269,15,15,2,true,31,13,13,1,3,0
synth-n_150-m_1284-k_20-p_0.1.txt,150,1284,20,20,0,true,16,20,20,2,5,0
synth-n_150-m_1385-k_25-p_0.1.txt,150,1385,25,25,0,true,9,25,25,2,9,0
synth-n_150-m_1423-k_30-p_0.1.txt,150,1423,30,30,0,true,8,29,30,7,10017,26
synth-n_150-m_1561-k_70-p_0.1.txt,150,1561,-1,57,0,false,1,43,72,33145,90001,377974
synth-n_150-m_1564-k_50-p_0.1.txt,150,1564,48,48,0,true,0,41,50,939,12228,8629
synth-n_150-m_2446-k_10-p_0.2.txt,150,2446,10,10,0,true,6,10,10,3,7,0
synth-n_150-m_2502-k_15-p_0.2.txt,150,2502,15,15,0,true,3,15,15,3,7,0
synth-n_150-m_2552-k_20-p_0.2.txt,150,2552,20,20,0,true,2,20,20,5,12,0
synth-n_150-m_2731-k_25-p_0.2.txt,150,2731,25,25,0,true,1,25,25,3,10,0
synth-n_150-m_2807-k_30-p_0.2.txt,150,2807,30,30,0,true,0,30,30,3,12,0
synth-n_150-m_3040-k_50-p_0.2.txt,150,3040,50,50,0,true,0,47,50,16,10048,97
synth-n_150-m_3050-k_70-p_0.2.txt,150,3050,70,65,0,false,0,48,73,16345,90001,210632
synth-n_150-m_630-k_15-p_0.05.txt,150,630,15,15,1,true,74,12,14,3,10006,15
synth-n_150-m_634-k_10-p_0.05.txt,150,634,7,7,7,true,150,0,0,0,1,0
synth-n_150-m_666-k_20-p_0.05.txt,150,666,15,15,1,true,56,14,14,1,3,0
synth-n_150-m_704-k_25-p_0.05.txt,150,704,23,23,1,true,48,20,22,2,10006,17
synth-n_150-m_781-k_50-p_0.05.txt,150,781,32,32,0,true,25,25,32,1806,13016,14144
synth-n_150-m_782-k_30-p_0.05.txt,150,782,28,28,1,true,29,22,27,231,10366,1625
synth-n_150-m_805-k_70-p_0.05.txt,150,805,43,37,0,false,12,29,46,47548,90001,343391
synth-n_1600-m_137884-k_70-p_0.1.txt,1600,137884,70,70,0,true,0,70,70,2874,3796,0
synth-n_1600-m_141523-k_100-p_0.1.txt,1600,141523,100,100,0,true,0,100,100,2528,3573,0
synth-n_1600-m_143789-k_120-p_0.1.txt,1600,143789,120,120,0,true,0,120,120,2346,3817,0
synth-n_1600-m_147721-k_150-p_0.1.txt,1600,147721,150,150,0,true,0,150,150,2186,3460,0
synth-n_1600-m_152838-k_200-p_0.1.txt,1600,152838,200,200,0,true,0,200,200,1668,3305,0
synth-n_1600-m_273042-k_70-p_0.2.txt,1600,273042,70,70,0,true,0,70,70,5508,8319,0
synth-n_1600-m_279359-k_100-p_0.2.txt,1600,279359,100,100,0,true,0,100,100,5202,7923,0
synth-n_1600-m_284773-k_120-p_0.2.txt,1600,284773,120,120,0,true,0,120,120,4174,7573,0
synth-n_1600-m_290831-k_150-p_0.2.txt,1600,290831,150,150,0,true,0,150,150,3974,8229,0
synth-n_1600-m_301143-k_200-p_0.2.txt,1600,301143,200,200,0,true,0,200,200,3553,7641,0
synth-n_1600-m_68907-k_70-p_0.05.txt,1600,68907,70,70,0,true,2,70,70,1610,1955,0
synth-n_1600-m_70865-k_100-p_0.05.txt,1600,70865,100,100,0,true,3,100,100,1619,2018,0
synth-n_1600-m_72748-k_120-p_0.05.txt,1600,72748,120,120,0,true,0,120,120,1652,2190,0
synth-n_1600-m_74607-k_150-p_0.05.txt,1600,74607,150,150,0,true,0,150,150,1212,1791,0
synth-n_1600-m_77345-k_200-p_0.05.txt,1600,77345,200,200,0,true,0,200,200,1242,2001,0
synth-n_200-m_1076-k_10-p_0.05.txt,200,1076,10,10,10,true,200,0,0,0,1,0
synth-n_200-m_1167-k_15-p_0.05.txt,200,1167,15,15,1,true,62,14,14,2,5,0
synth-n_200-m_1175-k_20-p_0.05.txt,200,1175,20,20,0,true,43,18,20,2,10009,7
synth-n_200-m_1245-k_25-p_0.05.txt,200,1245,24,24,0,true,48,24,24,2,6,0
synth-n_200-m_1266-k_30-p_0.05.txt,200,1266,30,30,0,true,38,27,30,49,10079,203
synth-n_200-m_1336-k_50-p_0.05.txt,200,1336,45,45,0,true,15,38,45,6717,21387,32746
synth-n_200-m_1434-k_70-p_0.05.txt,200,1434,-1,58,0,false,2,47,69,44774,90001,249733
synth-n_200-m_2169-k_15-p_0.1.txt,200,2169,15,15,1,true,25,13,14,5,10009,2
synth-n_200-m_2199-k_10-p_0.1.txt,200,2199,10,10,0,true,20,10,10,4,7,0
synth-n_200-m_2293-k_20-p_0.1.txt,200,2293,20,20,0,true,12,20,20,5,23,0
synth-n_200-m_2369-k_25-p_0.1.txt,200,2369,25,25,0,true,13,25,25,4,19,0
synth-n_200-m_2491-k_30-p_0.1.txt,200,2491,30,30,0,true,8,30,30,5,19,0
synth-n_200-m_2592-k_50-p_0.1.txt,200,2592,50,50,0,true,1,49,50,19,10042,54
synth-n_200-m_2772-k_70-p_0.1.txt,200,2772,70,70,0,true,0,59,72,17859,65895,141178
synth-n_200-m_4301-k_10-p_0.2.txt,200,4301,10,10,0,true,5,10,10,7,13,0
synth-n_200-m_4485-k_20-p_0.2.txt,200,4485,20,20,0,true,0,20,20,9,18,0
synth-n_200-m_4497-k_15-p_0.2.txt,200,4497,15,15,0,true,4,15,15,8,14,0
synth-n_200-m_4763-k_25-p_0.2.txt,200,4763,25,25,0,true,0,25,25,8,18,0
synth-n_200-m_4854-k_30-p_0.2.txt,200,4854,30,30,0,true,1,30,30,7,19,0
synth-n_200-m_5144-k_50-p_0.2.txt,200,5144,50,50,0,true,0,50,50,6,23,0
synth-n_200-m_5366-k_70-p_0.2.txt,200,5366,70,70,0,true,0,64,71,110,10522,645
synth-n_2000-m_106592-k_70-p_0.05.txt,2000,106592,70,70,0,true,9,70,70,3263,3850,0
synth-n_2000-m_108739-k_100-p_0.05.txt,2000,108739,100,100,0,true,1,100,100,3324,3964,0
synth-n_2000-m_110886-k_120-p_0.05.txt,2000,110886,120,120,0,true,2,120,120,2982,3890,0
synth-n_2000-m_112582-k_150-p_0.05.txt,2000,112582,150,150,0,true,0,150,150,2685,3615,0
synth-n_2000-m_117145-k_200-p_0.05.txt,2000,117145,200,200,0,true,0,200,200,2260,3517,0
synth-n_2000-m_212793-k_70-p_0.1.txt,2000,212793,70,70,0,true,0,70,70,5890,7816,0
synth-n_2000-m_217131-k_100-p_0.1.txt,2000,217131,100,100,0,true,0,100,100,5478,7244,0
synth-n_2000-m_220005-k_120-p_0.1.txt,2000,220005,120,120,0,true,0,120,120,4843,7125,0
synth-n_2000-m_225391-k_150-p_0.1.txt,2000,225391,150,150,0,true,0,150,150,4617,6934,0
synth-n_2000-m_233102-k_200-p_0.1.txt,2000,233102,200,200,0,true,0,200,200,3861,6839,0
synth-n_2000-m_422023-k_70-p_0.2.txt,2000,422023,70,70,0,true,0,70,70,10048,14580,0
synth-n_2000-m_430943-k_100-p_0.2.txt,2000,430943,100,100,0,true,0,100,100,9942,15783,0
synth-n_2000-m_435643-k_120-p_0.2.txt,2000,435643,120,120,0,true,0,120,120,9432,15501,0
synth-n_2000-m_444160-k_150-p_0.2.txt,2000,444160,150,150,0,true,0,150,150,8931,14513,0
synth-n_2000-m_457573-k_200-p_0.2.txt,2000,457573,200,200,0,true,0,200,200,7533,15922,0
synth-n_2300-m_142851-k_100-p_0.05.txt,2300,142851,100,100,0,true,1,100,100,4736,5520,0
synth-n_2300-m_144829-k_120-p_0.05.txt,2300,144829,120,120,0,true,2,120,120,4852,6214,0
synth-n_2300-m_147738-k_150-p_0.05.txt,2300,147738,150,150,0,true,1,150,150,4254,5555,0
synth-n_2300-m_152429-k_200-p_0.05.txt,2300,152429,200,200,0,true,0,200,200,4064,5810,0
synth-n_2300-m_284623-k_100-p_0.1.txt,2300,284623,100,100,0,true,0,100,100,8673,11190,0
synth-n_2300-m_286796-k_120-p_0.1.txt,2300,286796,120,120,0,true,0,120,120,8164,10744,0
synth-n_2300-m_292795-k_150-p_0.1.txt,2300,292795,150,150,0,true,0,150,150,7449,10803,0
synth-n_2300-m_302503-k_200-p_0.1.txt,2300,302503,200,200,0,true,0,200,200,6617,9931,0
synth-n_2300-m_563042-k_100-p_0.2.txt,2300,563042,100,100,0,true,0,100,100,10077,16766,0
synth-n_2300-m_569928-k_120-p_0.2.txt,2300,569928,120,120,0,true,0,120,120,10075,18666,0
synth-n_2300-m_580179-k_150-p_0.2.txt,2300,580179,150,150,0,true,0,150,150,10055,18968,0
synth-n_2300-m_595551-k_200-p_0.2.txt,2300,595551,200,200,0,true,0,200,200,10048,20712,0
synth-n_250-m_1653-k_10-p_0.05.txt,250,1653,10,10,10,true,250,0,0,0,2,0
synth-n_250-m_1708-k_15-p_0.05.txt,250,1708,15,15,1,true,79,14,14,2,4,0
synth-n_250-m_1797-k_25-p_0.05.txt,250,1797,25,25,0,true,39,23,25,15,10022,20
synth-n_250-m_1806-k_20-p_0.05.txt,250,1806,20,20,1,true,67,18,19,7,10023,12
synth-n_250-m_1841-k_30-p_0.05.txt,250,1841,30,30,0,true,32,29,30,7,10011,3
synth-n_250-m_1998-k_50-p_0.05.txt,250,1998,50,50,0,true,12,44,50,639,11029,1816
synth-n_250-m_2173-k_70-p_0.05.txt,250,2173,69,66,0,false,9,58,73,40185,90001,186708
synth-n_250-m_2260-k_100-p_0.05.txt,250,2260,-1,82,0,false,0,61,103,41200,90001,216409
synth-n_250-m_2350-k_120-p_0.05.txt,250,2350,-1,90,0,false,0,64,116,40266,90001,242088
synth-n_250-m_3237-k_10-p_0.1.txt,250,3237,10,10,0,true,23,10,10,7,11,0
synth-n_250-m_3416-k_15-p_0.1.txt,250,3416,15,15,0,true,20,15,15,8,13,0
synth-n_250-m_3493-k_25-p_0.1.txt,250,3493,25,25,1,true,13,24,24,8,15,0
synth-n_250-m_3591-k_20-p_0.1.txt,250,3591,20,20,0,true,9,20,20,8,14,0
synth-n_250-m_3730-k_30-p_0.1.txt,250,3730,30,30,0,true,4,30,30,9,18,0
synth-n_250-m_3992-k_50-p_0.1.txt,250,3992,50,50,0,true,0,50,50,8,89,0
synth-n_250-m_4149-k_70-p_0.1.txt,250,4149,70,70,0,true,0,67,71,33,10075,116
synth-n_250-m_4386-k_100-p_0.1.txt,250,4386,100,93,0,false,0,76,110,18361,90001,152984
synth-n_250-m_4530-k_120-p_0.1.txt,250,4530,-1,113,0,false,0,80,147,21295,90001,208330
synth-n_250-m_6567-k_10-p_0.2.txt,250,6567,10,10,0,true,6,10,10,15,22,0
synth-n_250-m_6839-k_20-p_0.2.txt,250,6839,20,20,0,true,3,20,20,15,27,0
synth-n_250-m_6880-k_15-p_0.2.txt,250,6880,15,15,0,true,2,15,15,22,33,0
synth-n_250-m_7102-k_25-p_0.2.txt,250,7102,25,25,0,true,1,25,25,16,32,0
synth-n_250-m_7321-k_30-p_0.2.txt,250,7321,30,30,0,true,1,30,30,14,31,0
synth-n_250-m_8019-k_50-p_0.2.txt,250,8019,50,50,0,true,0,50,50,13,134,0
synth-n_250-m_8255-k_70-p_0.2.txt,250,8255,70,70,0,true,0,70,70,12,386,0
synth-n_250-m_8674-k_100-p_0.2.txt,250,8674,100,100,0,true,0,81,101,9229,85244,60120
synth-n_250-m_8784-k_120-p_0.2.txt,250,8784,-1,107,0,false,0,82,133,9153,90001,67650
synth-n_2600-m_181265-k_100-p_0.05.txt,2600,181265,100,100,0,true,2,100,100,6909,8099,0
synth-n_2600-m_183371-k_120-p_0.05.txt,2600,183371,120,120,0,true,0,120,120,6724,8491,0
synth-n_2600-m_186921-k_150-p_0.05.txt,2600,186921,150,150,0,true,1,150,150,5978,7652,0
synth-n_2600-m_190932-k_200-p_0.05.txt,2600,190932,200,200,0,true,0,200,200,5307,7556,0
synth-n_2600-m_360584-k_100-p_0.1.txt,2600,360584,100,100,0,true,0,100,100,10045,13403,0
synth-n_2600-m_364394-k_120-p_0.1.txt,2600,364394,120,120,0,true,0,120,120,10039,13367,0
synth-n_2600-m_370561-k_150-p_0.1.txt,2600,370561,150,150,0,true,0,150,150,10035,14452,0
synth-n_2600-m_380919-k_200-p_0.1.txt,2600,380919,200,200,0,true,0,200,200,9453,13981,0
synth-n_2600-m_716555-k_100-p_0.2.txt,2600,716555,100,100,0,true,0,100,100,10086,18969,0
synth-n_2600-m_722675-k_120-p_0.2.txt,2600,722675,120,120,0,true,0,120,120,10095,21734,0
synth-n_2600-m_735701-k_150-p_0.2.txt,2600,735701,150,150,0,true,0,150,150,10082,21545,0
synth-n_2600-m_752513-k_200-p_0.2.txt,2600,752513,200,200,0,true,0,200,200,10072,23245,0
synth-n_300-m_10021-k_20-p_0.2.txt,300,10021,20,20,0,true,1,20,20,27,42,0
synth-n_300-m_10113-k_25-p_0.2.txt,300,10113,25,25,0,true,1,25,25,25,77,0
synth-n_300-m_10205-k_30-p_0.2.txt,300,10205,30,30,0,true,0,30,30,24,47,0
synth-n_300-m_10954-k_50-p_0.2.txt,300,10954,50,50,0,true,0,50,50,21,58,0
synth-n_300-m_11628-k_70-p_0.2.txt,300,11628,70,70,0,true,0,70,70,18,109,0
synth-n_300-m_12194-k_100-p_0.2.txt,300,12194,100,100,0,true,0,96,100,181,10628,328
synth-n_300-m_12407-k_120-p_0.2.txt,300,12407,120,118,0,false,0,99,124,7999,90001,42118
synth-n_300-m_2373-k_15-p_0.05.txt,300,2373,15,15,0,true,70,15,15,6,9,0
synth-n_300-m_2470-k_20-p_0.05.txt,300,2470,20,20,1,true,74,19,19,5,9,0
synth-n_300-m_2597-k_25-p_0.05.txt,300,2597,25,25,0,true,48,25,25,10,14,0
synth-n_300-m_2657-k_30-p_0.05.txt,300,2657,30,30,0,true,30,30,30,8,14,0
synth-n_300-m_2835-k_50-p_0.05.txt,300,2835,50,50,0,true,13,50,50,11,9188,0
synth-n_300-m_2943-k_70-p_0.05.txt,300,2943,70,70,0,true,9,63,71,2557,14587,7598
synth-n_300-m_3132-k_100-p_0.05.txt,300,3132,-1,94,0,false,1,77,111,40931,90001,167004
synth-n_300-m_3265-k_120-p_0.05.txt,300,3265,-1,105,0,false,1,81,129,38430,90001,193593
synth-n_300-m_4857-k_15-p_0.1.txt,300,4857,15,15,0,true,26,15,15,11,17,0
synth-n_300-m_4934-k_25-p_0.1.txt,300,4934,25,25,0,true,11,25,25,13,22,0
synth-n_300-m_4954-k_20-p_0.1.txt,300,4954,20,20,0,true,18,20,20,16,23,0
synth-n_300-m_5319-k_30-p_0.1.txt,300,5319,30,30,0,true,6,30,30,15,26,0
synth-n_300-m_5550-k_50-p_0.1.txt,300,5550,50,50,0,true,1,50,50,13,31,0
synth-n_300-m_5939-k_70-p_0.1.txt,300,5939,70,70,0,true,0,70,70,11,233,0
synth-n_300-m_6233-k_100-p_0.1.txt,300,6233,100,100,0,true,0,92,101,984,14905,6591
synth-n_300-m_6319-k_120-p_0.1.txt,300,6319,120,113,0,false,0,95,132,16184,90001,113868
synth-n_300-m_9556-k_15-p_0.2.txt,300,9556,15,15,0,true,1,15,15,29,44,0
synth-n_3000-m_240581-k_120-p_0.05.txt,3000,240581,120,120,0,true,0,120,120,10027,12627,0
synth-n_3000-m_245845-k_150-p_0.05.txt,3000,245845,150,150,0,true,0,150,150,9670,12101,0
synth-n_3000-m_251178-k_200-p_0.05.txt,3000,251178,200,200,0,true,0,200,200,8773,11307,0
synth-n_3000-m_480800-k_120-p_0.1.txt,3000,480800,120,120,0,true,0,120,120,10060,15180,0
synth-n_3000-m_488450-k_150-p_0.1.txt,3000,488450,150,150,0,true,0,150,150,10057,15293,0
synth-n_3000-m_498304-k_200-p_0.1.txt,3000,498304,200,200,0,true,0,200,200,10041,16351,0
synth-n_3000-m_954655-k_120-p_0.2.txt,3000,954655,120,120,0,true,0,120,120,10140,28435,0
synth-n_3000-m_967399-k_150-p_0.2.txt,3000,967399,150,150,0,true,0,150,150,10134,27330,0
synth-n_3000-m_988910-k_200-p_0.2.txt,3000,988910,200,200,0,true,0,200,200,10122,29442,0
synth-n_3500-m_1289316-k_120-p_0.2.txt,3500,1289316,120,120,0,true,0,120,120,10269,31142,0
synth-n_3500-m_1304726-k_150-p_0.2.txt,3500,1304726,150,150,0,true,0,150,150,10296,38593,0
synth-n_3500-m_1330654-k_200-p_0.2.txt,3500,1330654,200,200,0,true,0,200,200,10300,38198,0
synth-n_3500-m_325120-k_120-p_0.05.txt,3500,325120,120,120,0,true,0,120,120,10038,12482,0
synth-n_3500-m_330042-k_150-p_0.05.txt,3500,330042,150,150,0,true,0,150,150,10033,13803,0
synth-n_3500-m_337087-k_200-p_0.05.txt,3500,337087,200,200,0,true,0,200,200,10034,15485,0
synth-n_3500-m_649101-k_120-p_0.1.txt,3500,649101,120,120,0,true,0,120,120,10083,18162,0
synth-n_3500-m_657209-k_150-p_0.1.txt,3500,657209,150,150,0,true,0,150,150,10075,17897,0
synth-n_3500-m_672789-k_200-p_0.1.txt,3500,672789,200,200,0,true,0,200,200,10066,20351,0
synth-n_400-m_10064-k_70-p_0.1.txt,400,10064,70,70,0,true,0,70,70,34,75,0
synth-n_400-m_10528-k_100-p_0.1.txt,400,10528,100,100,0,true,0,100,100,22,164,0
synth-n_400-m_10934-k_120-p_0.1.txt,400,10934,120,120,0,true,0,119,120,56,10161,63
synth-n_400-m_11482-k_150-p_0.1.txt,400,11482,150,142,0,false,0,128,154,8357,90002,54467
synth-n_400-m_16937-k_15-p_0.2.txt,400,16937,15,15,0,true,4,15,15,64,95,0
synth-n_400-m_17175-k_20-p_0.2.txt,400,17175,20,20,0,true,0,20,20,61,90,0
synth-n_400-m_17488-k_25-p_0.2.txt,400,17488,25,25,0,true,0,25,25,64,95,0
synth-n_400-m_17822-k_30-p_0.2.txt,400,17822,30,30,0,true,0,30,30,62,109,0
synth-n_400-m_18943-k_50-p_0.2.txt,400,18943,50,50,0,true,0,50,50,54,115,0
synth-n_400-m_19735-k_70-p_0.2.txt,400,19735,70,70,0,true,0,70,70,48,129,0
synth-n_400-m_20559-k_100-p_0.2.txt,400,20559,100,100,0,true,0,100,100,41,229,0
synth-n_400-m_21181-k_120-p_0.2.txt,400,21181,120,120,0,true,0,120,120,39,259,0
synth-n_400-m_21916-k_150-p_0.2.txt,400,21916,150,150,0,true,0,132,156,11410,80945,19030
synth-n_400-m_4229-k_20-p_0.05.txt,400,4229,20,20,1,true,69,18,19,15,10024,4
synth-n_400-m_4312-k_15-p_0.05.txt,400,4312,15,15,3,true,100,12,12,9,16,0
synth-n_400-m_4511-k_25-p_0.05.txt,400,4511,25,25,1,true,58,24,24,17,23,0
synth-n_400-m_4551-k_30-p_0.05.txt,400,4551,30,30,0,true,38,30,30,18,24,0
synth-n_400-m_4714-k_50-p_0.05.txt,400,4714,50,50,0,true,17,49,50,20,10031,1
synth-n_400-m_5045-k_70-p_0.05.txt,400,5045,70,70,0,true,10,70,70,19,41,0
synth-n_400-m_5336-k_100-p_0.05.txt,400,5336,100,100,0,true,1,95,100,301,10604,630
synth-n_400-m_5606-k_120-p_0.05.txt,400,5606,120,117,0,false,2,109,124,25079,90001,109812
synth-n_400-m_5840-k_150-p_0.05.txt,400,5840,-1,138,0,false,0,114,163,28320,90001,130656
synth-n_400-m_8510-k_15-p_0.1.txt,400,8510,15,15,3,true,29,12,12,29,39,0
synth-n_400-m_8590-k_20-p_0.1.txt,400,8590,20,20,1,true,24,19,19,26,35,0
synth-n_400-m_8815-k_25-p_0.1.txt,400,8815,25,25,0,true,7,25,25,37,55,0
synth-n_400-m_9014-k_30-p_0.1.txt,400,9014,30,30,0,true,9,30,30,33,44,0
synth-n_400-m_9687-k_50-p_0.1.txt,400,9687,50,50,0,true,1,50,50,32,60,0
synth-n_4000-m_1691611-k_150-p_0.2.txt,4000,1691611,150,150,0,true,0,150,150,10971,53865,0
synth-n_4000-m_1721128-k_200-p_0.2.txt,4000,1721128,200,200,0,true,0,200,200,12484,54520,0
synth-n_4000-m_427463-k_150-p_0.05.txt,4000,427463,150,150,0,true,0,150,150,10050,15505,0
synth-n_4000-m_437663-k_200-p_0.05.txt,4000,437663,200,200,0,true,0,200,200,10045,15258,0
synth-n_4000-m_852262-k_150-p_0.1.txt,4000,852262,150,150,0,true,0,150,150,10156,21797,0
synth-n_4000-m_868734-k_200-p_0.1.txt,4000,868734,200,200,0,true,0,200,200,10109,25468,0
synth-n_50-m_139-k_5-p_0.1.txt,50,139,1,1,1,true,50,0,0,0,1,0
synth-n_50-m_143-k_10-p_0.1.txt,50,143,5,5,5,true,50,0,0,0,1,0
synth-n_50-m_164-k_15-p_0.1.txt,50,164,9,9,1,true,17,7,8,1,10003,5
synth-n_50-m_169-k_20-p_0.1.txt,50,169,9,9,0,true,18,7,9,2,10005,22
synth-n_50-m_269-k_5-p_0.2.txt,50,269,5,5,0,true,20,5,5,1,2,0
synth-n_50-m_293-k_10-p_0.2.txt,50,293,10,10,0,true,9,9,10,0,10003,1
synth-n_50-m_325-k_15-p_0.2.txt,50,325,15,15,0,true,4,12,15,10,10019,145
synth-n_50-m_343-k_20-p_0.2.txt,50,343,19,19,0,true,1,13,19,28,10058,685
synth-n_50-m_72-k_5-p_0.05.txt,49,72,2,2,2,true,49,0,0,0,1,0
synth-n_50-m_84-k_10-p_0.05.txt,49,84,1,1,1,true,49,0,0,0,1,0
synth-n_50-m_92-k_20-p_0.05.txt,50,92,2,2,2,true,50,0,0,0,1,0
synth-n_50-m_95-k_15-p_0.05.txt,46,95,4,4,0,true,35,4,4,0,1,0
synth-n_500-m_13283-k_20-p_0.1.txt,500,13283,20,20,0,true,9,20,20,75,91,0
synth-n_500-m_13672-k_25-p_0.1.txt,500,13672,25,25,0,true,10,25,25,66,87,0
synth-n_500-m_13710-k_30-p_0.1.txt,500,13710,30,30,0,true,4,30,30,77,108,0
synth-n_500-m_14453-k_50-p_0.1.txt,500,14453,50,50,0,true,3,50,50,64,109,0
synth-n_500-m_15273-k_70-p_0.1.txt,500,15273,70,70,0,true,0,70,70,55,113,0
synth-n_500-m_15985-k_100-p_0.1.txt,500,15985,100,100,0,true,0,100,100,46,126,0
synth-n_500-m_16565-k_120-p_0.1.txt,500,16565,120,120,0,true,0,120,120,38,3287,0
synth-n_500-m_17327-k_150-p_0.1.txt,500,17327,150,150,0,true,0,150,150,39,5863,0
synth-n_500-m_17907-k_200-p_0.1.txt,500,17907,-1,185,0,false,0,163,207,6791,90002,36107
synth-n_500-m_26431-k_20-p_0.2.txt,500,26431,20,20,0,true,0,20,20,137,184,0
synth-n_500-m_26954-k_25-p_0.2.txt,500,26954,25,25,0,true,2,25,25,137,208,0
synth-n_500-m_27136-k_30-p_0.2.txt,500,27136,30,30,0,true,0,30,30,123,201,0
synth-n_500-m_28432-k_50-p_0.2.txt,500,28432,50,50,0,true,0,50,50,110,211,0
synth-n_500-m_29623-k_70-p_0.2.txt,500,29623,70,70,0,true,0,70,70,98,213,0
synth-n_500-m_31513-k_100-p_0.2.txt,500,31513,100,100,0,true,0,100,100,85,240,0
synth-n_500-m_32243-k_120-p_0.2.txt,500,32243,120,120,0,true,0,120,120,73,251,0
synth-n_500-m_33353-k_150-p_0.2.txt,500,33353,150,150,0,true,0,150,150,74,1807,0
synth-n_500-m_34356-k_200-p_0.2.txt,500,34356,200,187,0,false,0,165,205,3828,90001,11510
synth-n_500-m_6745-k_25-p_0.05.txt,500,6745,25,25,0,true,42,25,25,35,43,0
synth-n_500-m_6906-k_20-p_0.05.txt,500,6906,20,20,0,true,51,20,20,29,37,0
synth-n_500-m_6986-k_30-p_0.05.txt,500,6986,30,30,1,true,39,29,29,45,54,0
synth-n_500-m_7195-k_50-p_0.05.txt,500,7195,50,50,0,true,21,50,50,34,51,0
synth-n_500-m_7774-k_70-p_0.05.txt,500,7774,70,70,0,true,8,70,70,36,96,0
synth-n_500-m_8350-k_100-p_0.05.txt,500,8350,100,100,0,true,2,100,100,31,83,0
synth-n_500-m_8412-k_120-p_0.05.txt,500,8412,120,120,0,true,1,119,121,71,10145,123
synth-n_500-m_8716-k_150-p_0.05.txt,500,8716,150,148,0,false,0,139,154,22161,90001,73771
synth-n_500-m_9062-k_200-p_0.05.txt,500,9062,-1,184,0,false,0,150,218,23035,90001,97232
synth-n_700-m_13000-k_25-p_0.05.txt,700,13000,25,25,0,true,36,25,25,113,129,0
synth-n_700-m_13374-k_30-p_0.05.txt,700,13374,30,30,0,true,32,30,30,116,134,0
synth-n_700-m_13738-k_50-p_0.05.txt,700,13738,50,50,0,true,16,50,50,116,143,0
synth-n_700-m_14360-k_70-p_0.05.txt,700,14360,70,70,0,true,9,70,70,106,168,0
synth-n_700-m_14970-k_100-p_0.05.txt,700,14970,100,100,0,true,0,100,100,93,179,0
synth-n_700-m_15640-k_120-p_0.05.txt,700,15640,120,120,0,true,2,120,120,83,175,0
synth-n_700-m_16024-k_150-p_0.05.txt,700,16024,150,150,0,true,0,150,150,68,516,0
synth-n_700-m_16823-k_200-p_0.05.txt,700,16823,200,200,0,true,0,194,203,8962,28274,8028
synth-n_700-m_26060-k_25-p_0.1.txt,700,26060,25,25,0,true,10,25,25,205,271,0
synth-n_700-m_26206-k_30-p_0.1.txt,700,26206,30,30,0,true,7,30,30,208,271,0
synth-n_700-m_27622-k_50-p_0.1.txt,700,27622,50,50,0,true,0,50,50,205,301,0
synth-n_700-m_28433-k_70-p_0.1.txt,700,28433,70,70,0,true,0,70,70,172,290,0
synth-n_700-m_29736-k_100-p_0.1.txt,700,29736,100,100,0,true,0,100,100,129,281,0
synth-n_700-m_30695-k_120-p_0.1.txt,700,30695,120,120,0,true,0,120,120,121,302,0
synth-n_700-m_31750-k_150-p_0.1.txt,700,31750,150,150,0,true,0,150,150,107,473,0
synth-n_700-m_33182-k_200-p_0.1.txt,700,33182,200,200,0,true,0,200,200,99,357,0
synth-n_700-m_51621-k_25-p_0.2.txt,700,51621,25,25,0,true,1,25,25,371,492,0
synth-n_700-m_52169-k_30-p_0.2.txt,700,52169,30,30,0,true,0,30,30,366,497,0
synth-n_700-m_54187-k_50-p_0.2.txt,700,54187,50,50,0,true,0,50,50,303,486,0
synth-n_700-m_55984-k_70-p_0.2.txt,700,55984,70,70,0,true,0,70,70,294,526,0
synth-n_700-m_58597-k_100-p_0.2.txt,700,58597,100,100,0,true,0,100,100,260,619,0
synth-n_700-m_60598-k_120-p_0.2.txt,700,60598,120,120,0,true,0,120,120,265,621,0
synth-n_700-m_61751-k_150-p_0.2.txt,700,61751,150,150,0,true,0,150,150,204,613,0
synth-n_700-m_64387-k_200-p_0.2.txt,700,64387,200,200,0,true,0,200,200,176,1595,0
